Data	Otwarcie	Najwyzszy	Najnizszy	Zamkniecie	Wolumen
2011-06-27	2.6	2.6	2.199	2.2	519640
2011-06-28	2.2	2.2	1.95	2.17	77130
2011-06-29	2.11	2.315	1.975	2.301	158340
2011-06-30	2.301	2.334	2.2	2.3	108640
2011-07-01	2.328	2.329	2.18	2.299	11930
2011-07-04	2.3	2.3	2.15	2.2	27010
2011-07-05	2.181	2.21	2.05	2.052	29310
2011-07-06	2.178	2.178	2.052	2.16	9730
2011-07-07	2	2.18	2	2.18	22690
2011-07-08	2.148	2.18	2.02	2.1	142210
2011-07-11	2.01	2.129	2.01	2.03	12530
2011-07-12	2.1	2.1	1.93	2	46930
2011-07-13	2.02	2.095	1.925	2	20780
2011-07-14	2	2.069	2	2.038	13790
2011-07-15	2.07	2.07	2	2.041	7350
2011-07-18	2.049	2.049	1.8	2	12400
2011-07-19	2.13	2.13	1.85	2	6110
2011-07-20	2	2	1.9	1.9	1080
2011-07-21	1.999	1.999	1.881	1.94	10140
2011-07-22	1.989	2.14	1.97	2.08	55290
2011-07-25	2.12	2.18	2.1	2.17	33760
2011-07-26	2.1	2.17	2.1	2.1	7220
2011-07-27	2.001	2.16	1.95	1.96	15410
2011-07-28	2.05	2.17	1.901	2.169	27390
2011-07-29	2.1	2.169	2.002	2.169	19700
2011-08-01	2.169	2.25	2.169	2.249	6520
2011-08-02	2.25	2.32	2.17	2.17	51520
2011-08-03	2.1	2.2	1.97	2.099	19610
2011-08-04	2.2	2.2	1.9	2.195	28910
2011-08-05	2.05	2.25	1.95	2.2	56520
2011-08-08	2.251	2.285	1.97	2.1	45870
2011-08-09	2.249	2.249	1.95	2.03	55600
2011-08-10	2.02	2.05	1.92	2	11560
2011-08-11	1.95	2.244	1.95	2.194	136420
2011-08-12	2.193	2.238	2.162	2.231	10270
2011-08-16	2.1	2.2	2.1	2.2	15140
2011-08-17	2.2	2.2	2.08	2.189	10220
2011-08-18	2.195	2.195	1.957	2.149	18360
2011-08-19	2.149	2.149	1.934	2.148	24950
2011-08-22	2.145	2.145	2.05	2.144	11100
2011-08-23	2.144	2.144	1.947	2.135	39480
2011-08-24	2.1	2.28	1.98	2.28	103710
2011-08-25	2.154	2.2	2.151	2.16	12110
2011-08-26	2.211	2.211	1.951	2.14	86100
2011-08-29	2.011	2.175	2.011	2.175	3030
2011-08-30	2.169	2.169	2.05	2.13	13990
2011-08-31	2.13	2.15	2.099	2.15	54450
2011-09-01	2.148	2.148	2.148	2.148	2800
2011-09-02	2.1	2.143	2.1	2.143	1350
2011-09-05	2.055	2.109	1.978	2.109	22520
2011-09-06	2.1	2.1	1.99	2.049	18480
2011-09-07	2.049	2.108	1.986	1.986	3060
2011-09-08	2.09	2.09	2.09	2.09	3500
2011-09-09	2.099	2.099	1.901	1.901	19220
2011-09-12	2.019	2.019	1.9	1.9	780
2011-09-13	1.999	1.999	1.8	1.9	7920
2011-09-14	1.95	1.999	1.8	1.999	10380
2011-09-15	1.99	1.99	1.92	1.99	540
2011-09-16	1.999	1.999	1.87	1.99	2080
2011-09-19	1.999	1.999	1.85	1.95	5530
2011-09-20	1.999	1.999	1.92	1.92	1570
2011-09-21	1.999	1.999	1.999	1.999	10
2011-09-22	1.998	1.998	1.84	1.94	6560
2011-09-23	1.9	1.94	1.751	1.938	5800
2011-09-26	1.939	1.939	1.84	1.84	520
2011-09-27	1.939	1.94	1.85	1.94	3310
2011-09-28	1.801	1.89	1.801	1.89	1400
2011-09-29	1.939	1.939	1.82	1.9	1760
2011-09-30	1.9	1.9	1.8	1.88	1800
2011-10-03	1.79	1.84	1.75	1.84	2900
2011-10-04	1.84	1.84	1.67	1.745	3760
2011-10-05	1.67	1.72	1.4	1.72	7530
2011-10-06	1.725	1.75	1.7	1.745	7070
2011-10-07	1.759	1.92	1.67	1.82	10280
2011-10-10	1.91	1.91	1.75	1.815	5420
2011-10-11	1.8	1.819	1.73	1.819	4860
2011-10-12	1.869	1.869	1.869	1.869	10
2011-10-13	1.85	1.85	1.85	1.85	10
2011-10-14	1.95	1.95	1.949	1.949	70
2011-10-17	1.979	1.979	1.8	1.95	5150
2011-10-18	1.977	1.977	1.88	1.95	2660
2011-10-19	1.96	1.96	1.95	1.955	2240
2011-10-20	1.96	1.96	1.96	1.96	50
2011-10-21	1.96	1.96	1.87	1.96	8120
2011-10-24	1.98	1.98	1.98	1.98	20
2011-10-25	1.979	1.98	1.83	1.98	9540
2011-10-26	2	2.075	1.935	1.98	40900
2011-10-27	2.05	2.25	1.9	1.99	164040
2011-10-28	2	2.07	2	2.07	32460
2011-10-31	2.08	2.088	2.011	2.088	11700
2011-11-02	2	2.05	2	2.05	9140
2011-11-03	2	2.075	2	2.075	6300
2011-11-04	2.075	2.08	2.002	2.08	3260
2011-11-07	2	2.07	2	2.015	11070
2011-11-08	2.08	2.15	2.015	2.1	19220
2011-11-09	2.057	2.184	2.057	2.121	56160
2011-11-10	2.19	2.19	2.05	2.14	8190
2011-11-14	2.167	2.167	2.01	2.109	8040
2011-11-15	2.1	2.135	2.1	2.135	3060
2011-11-16	2.08	2.134	2.08	2.133	4040
2011-11-17	2.133	2.134	2.06	2.1	4770
2011-11-18	2.061	2.1	2.061	2.1	1960
2011-11-21	2.1	2.144	2.05	2.05	27420
2011-11-22	2.068	2.121	2.068	2.085	800
2011-11-23	2.088	2.118	2.088	2.117	3150
2011-11-24	2.089	2.115	2.089	2.115	1410
2011-11-25	2.115	2.115	2.034	2.114	10120
2011-11-28	2.115	2.115	2	2.1	5730
2011-11-29	2.1	2.1	1.98	2.1	14520
2011-11-30	2.1	2.11	2.012	2.07	16290
2011-12-01	2.07	2.07	2.07	2.07	8340
2011-12-02	2.11	2.12	2.11	2.12	8990
2011-12-05	2.1	2.14	2.1	2.1	15730
2011-12-06	2.1	2.133	2.1	2.133	4760
2011-12-07	2.074	2.133	2.074	2.132	13080
2011-12-08	2.1	2.122	2.1	2.122	20
2011-12-09	2.1	2.1	2.1	2.1	20
2011-12-12	2.12	2.12	2.12	2.12	10
2011-12-13	2.1	2.122	2.1	2.1	15910
2011-12-14	2.122	2.124	2.04	2.05	16220
2011-12-15	2.1	2.1	2	2.059	4500
2011-12-16	2.06	2.06	1.995	2.059	2130
2011-12-19	2.06	2.06	1.97	2.05	2240
2011-12-20	2.06	2.06	1.875	2.039	2760
2011-12-21	2.06	2.085	1.961	2.085	1060
2011-12-22	2.02	2.087	1.92	2.087	17280
2011-12-23	2.1	2.1	2.087	2.087	41960
2011-12-27	1.995	2.049	1.995	2.049	21160
2011-12-28	2.07	2.07	2.07	2.07	10
2011-12-29	2.1	2.1	2.1	2.1	20
2011-12-30	2.05	2.05	2.05	2.05	50
2012-01-02	1.98	1.98	1.97	1.97	1210
2012-01-03	2.02	2.02	2.02	2.02	10
2012-01-04	2	2	1.95	1.95	1100
2012-01-05	2.02	2.02	1.73	1.98	4670
2012-01-09	2.02	2.02	1.915	1.915	3060
2012-01-10	2.015	2.015	1.85	2	4030
2012-01-11	2.01	2.01	1.6	1.9	8260
2012-01-12	1.93	1.93	1.9	1.9	3010
2012-01-13	1.93	1.95	1.92	1.95	3010
2012-01-16	1.95	1.95	1.6	1.949	6030
2012-01-17	1.93	1.93	1.93	1.93	20
2012-01-18	1.929	1.929	1.84	1.9	3210
2012-01-19	1.899	1.925	1.84	1.925	2230
2012-01-20	1.925	1.925	1.83	1.925	2030
2012-01-23	1.99	2.025	1.94	1.95	49180
2012-01-24	1.989	1.99	1.92	1.96	16290
2012-01-25	1.98	1.98	1.912	1.98	1020
2012-01-26	1.98	1.99	1.9	1.99	9300
2012-01-27	1.99	2.05	1.95	2	48670
2012-01-30	2.034	2.034	1.901	2	1670
2012-01-31	2.033	2.033	2	2.033	1530
2012-02-01	2.031	2.033	2.01	2.033	22060
2012-02-02	2.029	2.029	2.01	2.02	12020
2012-02-03	2.02	2.02	1.9	1.999	12410
2012-02-06	1.999	1.999	1.7	1.949	7550
2012-02-07	1.9	1.95	1.8	1.95	28940
2012-02-08	1.95	1.95	1.86	1.93	560
2012-02-09	1.95	1.95	1.89	1.89	1610
2012-02-10	1.949	1.949	1.949	1.949	20
2012-02-13	1.948	1.948	1.82	1.909	3690
2012-02-14	1.943	1.943	1.943	1.943	20
2012-02-15	1.942	1.942	1.825	1.898	8230
2012-02-16	1.935	1.935	1.826	1.835	17860
2012-02-17	1.933	1.95	1.933	1.95	34470
2012-02-20	1.95	1.996	1.865	1.99	92960
2012-02-21	1.997	2.19	1.945	2.089	191900
2012-02-22	2.096	2.1	2.01	2.033	75260
2012-02-23	2.05	2.05	1.98	2.018	21270
2012-02-24	2.039	2.039	1.955	1.955	3310
2012-02-27	2.028	2.028	1.9	1.9	33660
2012-02-28	1.993	1.997	1.992	1.997	6230
2012-02-29	1.995	1.995	1.995	1.995	1400
2012-03-01	1.994	1.994	1.904	1.98	3940
2012-03-02	1.98	1.98	1.9	1.98	8060
2012-03-05	1.968	1.969	1.968	1.969	1020
2012-03-06	1.96	1.96	1.96	1.96	20
2012-03-07	1.977	1.977	1.891	1.959	2560
2012-03-08	1.959	1.959	1.89	1.956	8050
2012-03-09	1.955	1.955	1.855	1.861	17640
2012-03-12	1.899	1.899	1.85	1.85	4380
2012-03-13	1.899	1.899	1.899	1.899	10
2012-03-14	1.899	1.899	1.82	1.82	2780
2012-03-15	1.899	1.899	1.899	1.899	50
2012-03-16	1.88	1.88	1.88	1.88	20
2012-03-19	1.9	1.9	1.9	1.9	200
2012-03-20	1.894	1.894	1.8	1.89	11030
2012-03-21	1.879	1.879	1.879	1.879	500
2012-03-22	1.879	1.879	1.81	1.85	1560
2012-03-23	1.81	1.879	1.79	1.849	7890
2012-03-26	1.849	1.849	1.791	1.849	9210
2012-03-27	1.76	1.83	1.76	1.83	6200
2012-03-28	1.844	1.844	1.741	1.815	5910
2012-03-29	1.814	1.814	1.814	1.814	20
2012-03-30	1.815	1.815	1.815	1.815	450
2012-04-02	1.814	1.815	1.715	1.8	3480
2012-04-03	1.8	1.8	1.61	1.65	14430
2012-04-04	1.714	1.715	1.656	1.714	1360
2012-04-05	1.705	1.705	1.699	1.699	11320
2012-04-10	1.705	1.705	1.59	1.59	22220
2012-04-11	1.698	1.698	1.36	1.396	59860
2012-04-12	1.475	1.475	1.4	1.4	31910
2012-04-13	1.4	1.42	1.25	1.42	25770
2012-04-16	1.33	1.38	1.33	1.38	1010
2012-04-17	1.32	1.34	1.32	1.34	3060
2012-04-18	1.336	1.336	1.2	1.2	13700
2012-04-19	1.223	1.258	1.22	1.22	9930
2012-04-20	1.21	1.21	1.143	1.185	23250
2012-04-23	1.199	1.199	0.95	0.99	45170
2012-04-24	0.99	1.03	0.99	1	10860
2012-04-25	1.05	1.1	1.04	1.1	12020
2012-04-26	1.15	1.15	1.15	1.15	1010
2012-04-27	1.154	1.154	1.144	1.144	630
2012-04-30	1.145	1.145	0.942	1.1	26960
2012-05-02	1.05	1.1	1.05	1.1	2400
2012-05-04	1.1	1.1	1.1	1.1	10
2012-05-07	1.042	1.042	1.042	1.042	2400
2012-05-08	1.05	1.05	1.02	1.04	2090
2012-05-10	1.04	1.1	1.04	1.085	9810
2012-05-11	1.085	1.085	1.085	1.085	20
2012-05-14	1.038	1.05	1	1.02	4670
2012-05-15	1	1.02	1	1.02	1670
2012-05-16	0.972	0.99	0.915	0.96	15360
2012-05-17	0.925	0.94	0.887	0.94	9990
2012-05-18	0.886	0.92	0.802	0.89	19110
2012-05-22	0.815	0.9	0.814	0.9	4860
2012-05-23	0.9	0.95	0.8	0.94	20150
2012-05-24	0.95	0.95	0.95	0.95	10
2012-05-29	0.959	0.959	0.9	0.959	210
2012-05-31	1.048	1.048	1.048	1.048	100
2012-06-04	1.1	1.1	1.1	1.1	20
2012-06-06	1.1	1.1	1.05	1.05	70
2012-06-08	1.05	1.05	1.05	1.05	1430
2012-06-11	1.05	1.05	1.05	1.05	500
2012-06-12	1.02	1.05	1.02	1.05	2120
2012-06-13	1.05	1.05	1.05	1.05	20
2012-06-14	1.05	1.05	1.05	1.05	20
2012-06-15	1.05	1.05	1.05	1.05	20
2012-06-18	1.05	1.05	1.05	1.05	20
2012-06-19	1.05	1.05	1.05	1.05	20
2012-06-20	1.05	1.05	1.05	1.05	900
2012-06-26	1.05	1.05	1.05	1.05	20
2012-06-27	1.05	1.05	1.05	1.05	20
2012-06-28	1.05	1.05	1.05	1.05	520
2012-06-29	1.05	1.05	1.05	1.05	20
2012-07-02	0.845	1	0.845	1	13780
2012-07-03	0.994	0.994	0.99	0.99	70
2012-07-04	0.98	0.98	0.98	0.98	10
2012-07-06	0.955	0.955	0.929	0.929	1900
2012-07-11	0.9	0.934	0.85	0.934	5680
2012-07-12	0.943	0.943	0.8	0.9	15810
2012-07-13	0.935	0.935	0.935	0.935	50
2012-07-18	0.926	0.926	0.85	0.916	370
2012-07-20	0.79	0.935	0.79	0.82	6830
2012-07-23	0.8	0.8	0.8	0.8	2000
2012-07-24	0.799	0.799	0.799	0.799	20
2012-07-25	0.799	0.799	0.799	0.799	20
2012-07-26	0.75	0.75	0.71	0.75	9980
2012-07-27	0.71	0.73	0.71	0.73	1560
2012-07-30	0.74	0.74	0.71	0.74	490
2012-08-01	0.689	0.755	0.689	0.755	4340
2012-08-03	0.689	0.695	0.647	0.685	10310
2012-08-06	0.647	0.695	0.647	0.695	2420
2012-08-07	0.653	0.653	0.609	0.653	2380
2012-08-08	0.67	0.67	0.67	0.67	20
2012-08-09	0.669	0.669	0.669	0.669	3010
2012-08-10	0.67	0.67	0.595	0.639	9070
2012-08-13	0.57	0.57	0.512	0.549	14650
2012-08-14	0.55	0.55	0.55	0.55	20
2012-08-16	0.56	0.56	0.522	0.549	610
2012-08-21	0.511	0.547	0.5	0.547	20390
2012-08-22	0.5	0.547	0.5	0.547	2020
2012-08-24	0.5	0.547	0.46	0.547	10880
2012-08-27	0.475	0.497	0.45	0.497	22960
2012-08-28	0.497	0.497	0.497	0.497	20
2012-08-29	0.466	0.466	0.466	0.466	3230
2012-08-30	0.469	0.472	0.439	0.472	4800
2012-08-31	0.415	0.419	0.407	0.415	15850
2012-09-03	0.418	0.418	0.4	0.418	8280
2012-09-05	0.374	0.411	0.36	0.411	14230
2012-09-06	0.403	0.493	0.403	0.488	33000
2012-09-07	0.513	0.514	0.479	0.479	9040
2012-09-10	0.493	0.547	0.493	0.547	3300
2012-09-11	0.547	0.628	0.547	0.628	32860
2012-09-12	0.63	0.63	0.6	0.628	22150
2012-09-13	0.628	0.628	0.515	0.557	21640
2012-09-14	0.557	0.639	0.557	0.639	13350
2012-09-17	0.64	0.64	0.64	0.64	6020
2012-09-18	0.64	0.675	0.64	0.653	33170
2012-09-19	0.66	0.685	0.66	0.685	4200
2012-09-20	0.697	0.697	0.642	0.642	14000
2012-09-21	0.66	0.66	0.598	0.62	7140
2012-09-24	0.585	0.62	0.585	0.62	2560
2012-09-25	0.59	0.62	0.59	0.62	5550
2012-09-26	0.623	0.623	0.623	0.623	20
2012-09-27	0.623	0.623	0.623	0.623	1580
2012-09-28	0.623	0.623	0.623	0.623	20
2012-10-01	0.623	0.623	0.623	0.623	20
2012-10-02	0.623	0.625	0.623	0.625	3020
2012-10-03	0.639	0.639	0.639	0.639	2540
2012-10-04	0.687	0.687	0.62	0.62	6390
2012-10-08	0.596	0.64	0.595	0.64	49650
2012-10-09	0.65	0.666	0.635	0.635	21040
2012-10-10	0.645	0.645	0.605	0.605	3510
2012-10-11	0.645	0.645	0.605	0.645	230
2012-10-12	0.645	0.645	0.645	0.645	20
2012-10-15	0.639	0.639	0.639	0.639	20
2012-10-16	0.639	0.639	0.557	0.557	15200
2012-10-17	0.597	0.597	0.597	0.597	10
2012-10-18	0.595	0.595	0.595	0.595	2000
2012-10-19	0.597	0.597	0.557	0.59	10400
2012-10-23	0.59	0.59	0.59	0.59	20
2012-10-24	0.59	0.59	0.59	0.59	20
2012-10-25	0.557	0.557	0.55	0.55	2790
2012-10-29	0.512	0.52	0.475	0.499	32200
2012-10-30	0.499	0.499	0.474	0.49	23740
2012-10-31	0.499	0.499	0.498	0.498	1330
2012-11-02	0.493	0.493	0.493	0.493	500
2012-11-05	0.465	0.498	0.465	0.494	25990
2012-11-06	0.49	0.49	0.49	0.49	1720
2012-11-09	0.465	0.481	0.465	0.481	2020
2012-11-12	0.511	0.613	0.511	0.613	37960
2012-11-13	0.6	0.656	0.6	0.656	4710
2012-11-14	0.657	0.657	0.596	0.63	15150
2012-11-16	0.63	0.63	0.63	0.63	50
2012-11-19	0.625	0.625	0.625	0.625	20
2012-11-20	0.631	0.631	0.615	0.615	4820
2012-11-21	0.61	0.628	0.61	0.62	5270
2012-11-22	0.615	0.615	0.61	0.61	3020
2012-11-26	0.62	0.63	0.62	0.63	5000
2012-11-27	0.657	0.657	0.586	0.586	5080
2012-11-28	0.56	0.585	0.56	0.585	9180
2012-11-30	0.565	0.59	0.555	0.59	10900
2012-12-03	0.59	0.595	0.561	0.595	4280
2012-12-07	0.6	0.6	0.6	0.6	20
2012-12-10	0.6	0.6	0.561	0.596	25190
2012-12-11	0.561	0.595	0.557	0.595	6950
2012-12-12	0.59	0.595	0.59	0.595	103980
2012-12-13	0.595	0.595	0.595	0.595	20
2012-12-14	0.59	0.595	0.551	0.589	83510
2012-12-17	0.595	0.657	0.581	0.62	28730
2012-12-18	0.597	0.655	0.597	0.635	7640
2012-12-19	0.657	0.67	0.635	0.639	73500
2012-12-20	0.635	0.653	0.611	0.653	13180
2012-12-21	0.652	0.652	0.652	0.652	11090
2012-12-28	0.64	0.653	0.64	0.653	320
2013-01-02	0.674	0.674	0.674	0.674	10
2013-01-03	0.663	0.663	0.628	0.652	950
2013-01-07	0.652	0.652	0.652	0.652	3020
2013-01-09	0.63	0.63	0.6	0.619	16600
2013-01-10	0.6	0.6	0.6	0.6	2440
2013-01-11	0.599	0.619	0.599	0.61	14360
2013-01-14	0.61	0.61	0.61	0.61	820
2013-01-15	0.575	0.59	0.573	0.59	5500
2013-01-17	0.55	0.574	0.517	0.574	28990
2013-01-18	0.535	0.595	0.535	0.57	6560
2013-01-21	0.579	0.579	0.54	0.579	140
2013-01-22	0.579	0.579	0.579	0.579	20
2013-01-23	0.54	0.579	0.54	0.579	5050
2013-01-24	0.579	0.579	0.579	0.579	20
2013-01-25	0.579	0.579	0.57	0.57	1570
2013-01-28	0.579	0.579	0.579	0.579	20
2013-01-31	0.579	0.579	0.579	0.579	10
2013-02-01	0.626	0.626	0.626	0.626	20
2013-02-04	0.6	0.619	0.57	0.619	4800
2013-02-05	0.611	0.611	0.611	0.611	20
2013-02-06	0.58	0.599	0.561	0.599	5630
2013-02-07	0.6	0.6	0.6	0.6	20
2013-02-08	0.598	0.598	0.598	0.598	20
2013-02-11	0.598	0.598	0.598	0.598	50
2013-02-12	0.595	0.596	0.595	0.596	110
2013-02-13	0.595	0.595	0.58	0.58	2020
2013-02-14	0.58	0.58	0.58	0.58	2370
2013-02-15	0.575	0.575	0.57	0.57	1650
2013-02-18	0.56	0.585	0.557	0.585	3060
2013-02-19	0.584	0.584	0.584	0.584	20
2013-02-20	0.557	0.585	0.557	0.585	760
2013-02-21	0.585	0.585	0.585	0.585	1000
2013-02-22	0.592	0.592	0.592	0.592	20
2013-02-25	0.592	0.592	0.592	0.592	10
2013-02-26	0.592	0.592	0.592	0.592	20
2013-02-27	0.557	0.557	0.53	0.53	18320
2013-02-28	0.529	0.529	0.493	0.493	5770
2013-03-01	0.5	0.5	0.5	0.5	1000
2013-03-05	0.5	0.53	0.485	0.519	14630
2013-03-06	0.52	0.575	0.49	0.49	62630
2013-03-07	0.516	0.53	0.516	0.529	3300
2013-03-11	0.55	0.575	0.525	0.55	5620
2013-03-12	0.525	0.55	0.525	0.55	360
2013-03-14	0.55	0.55	0.55	0.55	1980
2013-03-18	0.531	0.537	0.476	0.537	11960
2013-03-19	0.51	0.537	0.51	0.537	3580
2013-03-20	0.54	0.55	0.53	0.55	2980
2013-03-22	0.53	0.564	0.53	0.564	2200
2013-03-25	0.53	0.56	0.476	0.505	13940
2013-03-26	0.572	0.572	0.5	0.5	3010
2013-04-08	0.554	0.554	0.5	0.5	3020
2013-04-09	0.504	0.504	0.504	0.504	20
2013-04-19	0.47	0.504	0.466	0.47	11820
2013-04-24	0.46	0.46	0.46	0.46	5000
2013-04-26	0.473	0.5	0.465	0.5	3000
2013-04-30	0.494	0.55	0.494	0.55	9360
2013-05-02	0.495	0.5	0.495	0.5	6100
2013-05-06	0.475	0.475	0.475	0.475	5110
2013-05-09	0.485	0.507	0.485	0.507	3160
2013-05-10	0.504	0.515	0.504	0.515	35300
2013-05-13	0.513	0.515	0.513	0.515	4000
2013-05-14	0.525	0.525	0.525	0.525	100
2013-05-16	0.505	0.52	0.505	0.52	5000
2013-05-17	0.52	0.527	0.52	0.527	4000
2013-05-20	0.537	0.54	0.537	0.54	9020
2013-05-21	0.55	0.572	0.55	0.572	14110
2013-05-22	0.572	0.572	0.572	0.572	2000
2013-05-24	0.572	0.572	0.572	0.572	2000
2013-05-27	0.571	0.571	0.551	0.551	120
2013-05-29	0.569	0.569	0.569	0.569	900
2013-06-04	0.569	0.569	0.569	0.569	2000
2013-06-06	0.568	0.58	0.568	0.58	8510
2013-06-07	0.587	0.827	0.587	0.827	86120
2013-06-10	0.869	0.906	0.8	0.827	50040
2013-06-11	0.81	0.81	0.78	0.795	10000
2013-06-12	0.795	0.88	0.75	0.8	13970
2013-06-13	0.815	0.83	0.765	0.765	17730
2013-06-14	0.78	0.8	0.78	0.8	14810
2013-06-17	0.766	0.766	0.7	0.7	54950
2013-06-18	0.75	0.757	0.75	0.755	16170
2013-06-19	0.755	0.762	0.755	0.762	7000
2013-06-20	0.755	0.755	0.73	0.735	6270
2013-06-21	0.75	0.784	0.75	0.76	15850
2013-06-24	0.76	0.878	0.76	0.835	23860
2013-06-25	0.843	0.85	0.84	0.85	9010
2013-06-26	0.85	0.88	0.85	0.85	10750
2013-06-27	0.83	0.84	0.785	0.785	19010
2013-06-28	0.82	0.84	0.82	0.84	4110
2013-07-02	0.8	0.8	0.8	0.8	1500
2013-07-03	0.79	0.79	0.79	0.79	7480
2013-07-04	0.761	0.761	0.72	0.75	6520
2013-07-08	0.75	0.769	0.75	0.769	5330
2013-07-11	0.787	0.8	0.787	0.8	11640
2013-07-12	0.8	0.8	0.8	0.8	1200
2013-07-15	0.771	0.799	0.76	0.799	11600
2013-07-17	0.761	0.817	0.76	0.815	16690
2013-07-18	0.815	0.928	0.815	0.925	133820
2013-07-19	0.925	0.948	0.925	0.925	65150
2013-07-22	0.925	0.965	0.925	0.964	53170
2013-07-23	0.955	0.977	0.955	0.977	32930
2013-07-24	0.95	0.95	0.857	0.903	17790
2013-07-25	0.903	0.975	0.903	0.911	16220
2013-07-26	0.92	0.983	0.92	0.983	26940
2013-07-29	0.95	0.95	0.94	0.94	7600
2013-07-30	0.9	0.968	0.858	0.94	33040
2013-07-31	0.94	0.94	0.881	0.933	12870
2013-08-01	0.88	0.909	0.818	0.885	73090
2013-08-02	0.885	0.885	0.831	0.875	6950
2013-08-05	0.875	0.875	0.86	0.86	2420
2013-08-06	0.86	0.9	0.86	0.9	8570
2013-08-07	0.88	0.88	0.88	0.88	790
2013-08-08	0.875	0.88	0.86	0.88	5970
2013-08-09	0.857	0.88	0.83	0.88	9520
2013-08-12	0.862	0.89	0.86	0.89	4330
2013-08-13	0.865	0.889	0.85	0.888	15920
2013-08-14	0.89	0.9	0.86	0.876	10370
2013-08-16	0.876	0.88	0.876	0.88	3580
2013-08-19	0.897	0.897	0.882	0.882	650
2013-08-20	0.882	0.883	0.782	0.8	25950
2013-08-21	0.8	0.835	0.8	0.835	13030
2013-08-22	0.84	0.848	0.84	0.848	6000
2013-08-23	0.807	0.846	0.803	0.846	6890
2013-08-26	0.838	0.838	0.838	0.838	20
2013-08-27	0.8	0.82	0.776	0.82	16240
2013-08-28	0.819	0.819	0.819	0.819	20
2013-08-29	0.776	0.796	0.77	0.796	4500
2013-08-30	0.796	0.81	0.78	0.78	32420
2013-09-02	0.799	0.799	0.762	0.799	3720
2013-09-03	0.799	0.799	0.762	0.799	3980
2013-09-04	0.795	0.795	0.795	0.795	50
2013-09-05	0.785	0.795	0.752	0.795	3820
2013-09-06	0.795	0.795	0.795	0.795	1000
2013-09-09	0.794	0.794	0.794	0.794	50
2013-09-10	0.794	0.794	0.794	0.794	100
2013-09-11	0.761	0.805	0.761	0.804	7100
2013-09-12	0.795	0.804	0.795	0.804	1430
2013-09-13	0.76	0.768	0.745	0.768	11240
2013-09-16	0.75	0.751	0.715	0.715	18600
2013-09-17	0.715	0.75	0.7	0.75	12400
2013-09-18	0.715	0.752	0.7	0.752	10300
2013-09-20	0.75	0.752	0.7	0.752	9160
2013-09-23	0.73	0.75	0.666	0.72	19210
2013-09-24	0.721	0.75	0.7	0.747	115470
2013-09-25	0.745	0.8	0.726	0.8	349250
2013-09-26	0.8	0.87	0.8	0.85	129810
2013-09-27	0.83	0.85	0.83	0.85	149570
2013-09-30	0.8	0.8	0.78	0.799	305310
2013-10-01	0.79	0.79	0.765	0.78	42200
2013-10-02	0.78	0.78	0.766	0.777	111500
2013-10-03	0.77	0.78	0.67	0.78	95320
2013-10-04	0.78	0.78	0.75	0.778	26550
2013-10-07	0.777	0.793	0.745	0.793	54230
2013-10-08	0.793	0.793	0.732	0.779	165090
2013-10-09	0.769	0.795	0.769	0.795	30150
2013-10-10	0.761	0.793	0.76	0.78	132440
2013-10-11	0.763	0.77	0.75	0.77	20200
2013-10-14	0.77	0.77	0.77	0.77	500
2013-10-15	0.751	0.76	0.712	0.76	10200
2013-10-16	0.716	0.76	0.705	0.76	18900
2013-10-18	0.745	0.745	0.72	0.73	4710
2013-10-21	0.745	0.745	0.705	0.745	18000
2013-10-22	0.745	0.745	0.745	0.745	100
2013-10-23	0.71	0.74	0.698	0.698	17390
2013-10-24	0.71	0.72	0.698	0.72	69110
2013-10-25	0.72	0.739	0.72	0.72	7090
2013-10-28	0.745	0.75	0.716	0.75	86620
2013-10-29	0.74	0.74	0.74	0.74	20000
2013-10-30	0.741	0.885	0.741	0.845	15890
2013-10-31	0.85	0.85	0.773	0.847	21660
2013-11-04	0.82	0.82	0.8	0.8	7200
2013-11-05	0.8	0.8	0.775	0.8	19790
2013-11-06	0.814	0.814	0.814	0.814	100
2013-11-07	0.813	0.813	0.781	0.811	8120
2013-11-08	0.781	0.8	0.772	0.8	8410
2013-11-12	0.774	0.774	0.726	0.741	12350
2013-11-13	0.741	0.741	0.685	0.71	38420
2013-11-14	0.72	0.77	0.72	0.77	9790
2013-11-15	0.77	0.77	0.715	0.715	26300
2013-11-18	0.718	0.782	0.717	0.782	56600
2013-11-19	0.735	0.775	0.735	0.775	2850
2013-11-20	0.721	0.755	0.72	0.755	11950
2013-11-21	0.76	0.76	0.758	0.758	1550
2013-11-22	0.758	0.767	0.758	0.767	1400
2013-11-25	0.767	0.767	0.764	0.765	5420
2013-11-26	0.768	0.855	0.768	0.84	63170
2013-11-27	0.839	0.85	0.8	0.839	53630
2013-11-28	0.839	1.006	0.839	0.998	359340
2013-11-29	0.998	1.05	0.982	1.039	65850
2013-12-02	1.055	1.198	1.055	1.123	48960
2013-12-03	1.075	1.121	1.05	1.06	52650
2013-12-04	1.08	1.08	1.025	1.075	18110
2013-12-05	1.025	1.05	1.01	1.05	6980
2013-12-06	1.06	1.19	1.04	1.179	40650
2013-12-09	1.188	1.333	1.16	1.33	100180
2013-12-10	1.33	1.37	1.29	1.339	28310
2013-12-11	1.35	1.37	1.28	1.28	14090
2013-12-12	1.325	1.325	1.1	1.2	70430
2013-12-13	1.12	1.25	1.12	1.24	132360
2013-12-16	1.25	1.25	1.2	1.25	46630
2013-12-17	1.155	1.268	1.155	1.268	74450
2013-12-18	1.25	1.25	1.21	1.25	7100
2013-12-19	1.203	1.235	1.2	1.2	44050
2013-12-20	1.2	1.2	1.11	1.19	37670
2013-12-23	1.175	1.235	1.175	1.235	9300
2013-12-27	1.225	1.243	1.11	1.243	29110
2013-12-30	1.225	1.229	1.184	1.229	9290
2014-01-02	1.228	1.229	1.215	1.229	51850
2014-01-03	1.225	1.375	1.21	1.27	78690
2014-01-07	1.265	1.29	1.207	1.29	11830
2014-01-08	1.2	1.23	1.14	1.225	21610
2014-01-09	1.16	1.236	1.14	1.236	11500
2014-01-10	1.236	1.335	1.183	1.3	12990
2014-01-13	1.329	1.329	1.1	1.23	13810
2014-01-14	1.17	1.17	1.145	1.165	6290
2014-01-15	1.145	1.182	1.143	1.182	4780
2014-01-16	1.1	1.2	1.1	1.2	4350
2014-01-17	1.1	1.177	1.1	1.177	2630
2014-01-20	1.17	1.177	1.1	1.177	3150
2014-01-21	1.19	1.19	1.125	1.125	980
2014-01-22	1.19	1.239	1.18	1.22	50670
2014-01-23	1.239	1.239	1.18	1.225	14180
2014-01-24	1.233	1.24	1.2	1.22	87560
2014-01-27	1.2	1.2	1.1	1.149	7450
2014-01-28	1.149	1.15	1.08	1.138	25400
2014-01-29	1.126	1.126	0.91	1.029	57420
2014-01-30	1.015	1.029	0.98	1.029	10900
2014-01-31	1.047	1.134	1.047	1.134	1010
2014-02-03	1.047	1.065	0.975	1.065	8690
2014-02-04	1.05	1.05	1	1	16560
2014-02-05	1.004	1.049	1.004	1.049	29580
2014-02-06	1.049	1.049	1.021	1.049	8780
2014-02-07	1.021	1.09	1.021	1.09	9680
2014-02-10	1.09	1.09	1.055	1.081	14790
2014-02-11	1.085	1.137	1.085	1.1	23400
2014-02-12	1.092	1.12	1.09	1.118	15210
2014-02-13	1.118	1.118	1.062	1.062	15230
2014-02-14	1.06	1.1	1.024	1.1	15260
2014-02-17	0.941	1.116	0.941	1.003	43970
2014-02-18	1.03	1.03	0.994	0.994	7500
2014-02-19	0.995	0.995	0.99	0.99	12150
2014-02-20	0.995	1.11	0.995	1.057	22390
2014-02-21	1.116	1.17	1.073	1.15	31730
2014-02-24	1.149	1.177	1.149	1.176	22760
2014-02-25	1.176	1.177	1.14	1.16	14300
2014-02-26	1.125	1.125	1.1	1.122	8120
2014-02-27	1.086	1.134	1.086	1.134	2950
2014-02-28	0.99	0.999	0.792	0.98	215430
2014-03-03	0.922	0.972	0.85	0.945	19620
2014-03-04	0.935	0.935	0.8	0.84	38370
2014-03-05	0.841	0.887	0.82	0.869	24460
2014-03-06	0.869	0.869	0.81	0.868	18560
2014-03-07	0.821	0.859	0.82	0.859	37820
2014-03-10	0.859	0.859	0.782	0.81	30210
2014-03-11	0.81	0.819	0.8	0.809	45590
2014-03-12	0.81	0.81	0.755	0.781	30780
2014-03-13	0.795	0.8	0.795	0.8	120
2014-03-14	0.755	0.765	0.727	0.74	15100
2014-03-17	0.728	0.74	0.728	0.74	5660
2014-03-18	0.739	0.739	0.727	0.727	1600
2014-03-19	0.739	0.739	0.739	0.739	50
2014-03-20	0.716	0.716	0.7	0.7	24940
2014-03-21	0.706	0.72	0.706	0.72	2050
2014-03-24	0.748	0.805	0.748	0.805	4370
2014-03-25	0.805	0.805	0.804	0.804	13550
2014-03-26	0.804	0.804	0.804	0.804	50
2014-03-27	0.799	0.799	0.7	0.76	12060
2014-03-28	0.711	0.76	0.711	0.76	1650
2014-04-01	0.735	0.757	0.707	0.757	16670
2014-04-02	0.74	0.8	0.74	0.8	12180
2014-04-03	0.805	0.835	0.8	0.8	11820
2014-04-04	0.77	0.815	0.77	0.815	60
2014-04-07	0.775	0.775	0.74	0.74	7520
2014-04-08	0.74	0.774	0.74	0.774	1110
2014-04-09	0.774	0.81	0.76	0.76	3450
2014-04-10	0.765	0.8	0.765	0.8	60
2014-04-11	0.8	0.81	0.786	0.8	9450
2014-04-14	0.809	0.84	0.809	0.84	14060
2014-04-15	0.843	0.843	0.82	0.82	1620
2014-04-16	0.82	0.832	0.8	0.832	7790
2014-04-17	0.832	0.832	0.832	0.832	2520
2014-04-22	0.832	0.832	0.8	0.8	2750
2014-04-23	0.831	0.831	0.765	0.8	9800
2014-04-24	0.8	0.8	0.8	0.8	50
2014-04-25	0.78	0.78	0.73	0.779	3440
2014-04-28	0.779	0.779	0.779	0.779	20
2014-04-29	0.73	0.73	0.63	0.715	43700
2014-04-30	0.7	0.7	0.622	0.699	64090
2014-05-02	0.699	0.699	0.67	0.67	9400
2014-05-05	0.64	0.64	0.639	0.639	20440
2014-05-06	0.65	0.65	0.611	0.649	10110
2014-05-07	0.649	0.649	0.61	0.645	7270
2014-05-08	0.645	0.645	0.605	0.645	16610
2014-05-09	0.645	0.675	0.635	0.635	16790
2014-05-12	0.645	0.67	0.624	0.624	16570
2014-05-13	0.671	0.8	0.671	0.725	98660
2014-05-14	0.709	0.709	0.698	0.698	17200
2014-05-15	0.685	0.718	0.68	0.718	32150
2014-05-16	0.717	0.819	0.717	0.78	101040
2014-05-19	0.825	0.898	0.82	0.895	118720
2014-05-20	0.91	0.99	0.91	0.93	72190
2014-05-21	0.967	0.967	0.86	0.9	31730
2014-05-22	0.95	0.95	0.791	0.887	33760
2014-05-23	0.887	0.927	0.86	0.89	13510
2014-05-26	0.889	0.889	0.815	0.834	15580
2014-05-27	0.795	0.839	0.791	0.839	15530
2014-05-28	0.792	0.794	0.79	0.79	10050
2014-05-29	0.828	0.828	0.752	0.797	11000
2014-05-30	0.75	0.797	0.75	0.797	5510
2014-06-02	0.785	0.79	0.755	0.79	1230
2014-06-03	0.79	0.79	0.79	0.79	1500
2014-06-04	0.789	0.826	0.789	0.826	24470
2014-06-05	0.827	0.827	0.815	0.815	7500
2014-06-06	0.799	0.799	0.799	0.799	5020
2014-06-09	0.83	0.83	0.762	0.768	21720
2014-06-10	0.742	0.808	0.733	0.808	44830
2014-06-11	0.808	0.826	0.775	0.813	12730
2014-06-12	0.826	0.826	0.825	0.826	13830
2014-06-13	0.826	0.826	0.775	0.825	3560
2014-06-16	0.818	0.818	0.813	0.813	4060
2014-06-18	0.794	0.796	0.794	0.796	10200
2014-06-20	0.775	0.777	0.775	0.777	3750
2014-06-23	0.772	0.772	0.762	0.762	5700
2014-06-24	0.75	0.75	0.71	0.749	10020
2014-06-25	0.72	0.746	0.715	0.715	10830
2014-06-26	0.71	0.72	0.7	0.7	15230
2014-06-27	0.72	0.72	0.69	0.719	7140
2014-06-30	0.719	0.719	0.719	0.719	1700
2014-07-01	0.719	0.798	0.719	0.798	30990
2014-07-02	0.757	0.757	0.755	0.755	9010
2014-07-03	0.735	0.77	0.735	0.77	2050
2014-07-04	0.77	0.787	0.77	0.787	12360
2014-07-07	0.849	0.995	0.845	0.97	117430
2014-07-08	0.95	0.979	0.887	0.939	38230
2014-07-09	0.93	0.939	0.875	0.939	18210
2014-07-10	0.9	0.9	0.861	0.9	13280
2014-07-11	0.86	0.93	0.85	0.93	14450
2014-07-14	0.92	1.094	0.92	1.03	78630
2014-07-15	1.03	1.08	1	1.069	28230
2014-07-16	1.03	1.06	0.99	1.048	22870
2014-07-17	1	1.017	0.955	1.017	4420
2014-07-18	1.017	1.017	0.96	1.017	2890
2014-07-21	0.958	1.015	0.958	1	260
2014-07-22	1.015	1.015	0.95	1	15890
2014-07-23	0.95	1	0.95	1	7810
2014-07-24	1.005	1.005	0.97	1	2040
2014-07-25	1	1.049	1	1.049	9570
2014-07-28	1.044	1.08	1.044	1.075	21760
2014-07-29	1.08	1.08	1.032	1.04	30550
2014-07-30	1.065	1.065	1.06	1.06	2120
2014-07-31	1.04	1.05	0.95	1.04	15570
2014-08-01	1.01	1.045	0.911	1.045	9620
2014-08-04	0.95	1.044	0.95	1.044	800
2014-08-05	1.02	1.045	1.02	1.045	1160
2014-08-06	1.05	1.05	1	1.02	14230
2014-08-07	1.019	1.056	1	1	3150
2014-08-08	1.025	1.025	0.97	1.019	1700
2014-08-11	0.954	1.019	0.954	1.014	260
2014-08-12	1.014	1.014	1.014	1.014	280
2014-08-13	0.939	0.939	0.754	0.811	69310
2014-08-14	0.82	0.845	0.77	0.802	3450
2014-08-18	0.827	0.86	0.8	0.86	11250
2014-08-19	0.86	0.86	0.86	0.86	3000
2014-08-20	0.86	0.869	0.825	0.84	8770
2014-08-21	0.874	0.879	0.828	0.86	7800
2014-08-22	0.83	0.874	0.825	0.84	10150
2014-08-25	0.873	0.88	0.873	0.873	6650
2014-08-26	0.879	0.88	0.85	0.85	5900
2014-08-27	0.877	0.878	0.86	0.86	2320
2014-08-28	0.84	0.84	0.83	0.83	7540
2014-08-29	0.83	0.86	0.83	0.86	3660
2014-09-01	0.875	0.875	0.833	0.865	11570
2014-09-02	0.872	0.872	0.845	0.85	1750
2014-09-03	0.869	0.87	0.84	0.84	6570
2014-09-04	0.85	0.877	0.85	0.87	7030
2014-09-05	0.861	0.861	0.85	0.85	4570
2014-09-08	0.875	0.877	0.875	0.877	1180
2014-09-09	0.88	0.9	0.88	0.9	2970
2014-09-10	0.88	0.88	0.859	0.88	17840
2014-09-11	0.88	0.88	0.858	0.865	2610
2014-09-12	0.858	0.874	0.833	0.874	5010
2014-09-15	0.85	0.85	0.825	0.825	4590
2014-09-16	0.8	0.9	0.73	0.8	80940
2014-09-17	0.8	0.845	0.8	0.84	24500
2014-09-18	0.84	0.858	0.84	0.84	9330
2014-09-19	0.87	0.87	0.87	0.87	200
2014-09-22	0.865	0.865	0.835	0.85	34790
2014-09-23	0.86	0.86	0.835	0.85	8550
2014-09-24	0.88	0.974	0.88	0.93	33910
2014-09-25	0.95	0.959	0.911	0.95	31470
2014-09-26	0.93	0.959	0.93	0.93	4330
2014-09-29	0.93	0.995	0.89	0.956	35650
2014-09-30	0.955	0.955	0.92	0.95	720
2014-10-01	0.93	0.97	0.93	0.97	13760
2014-10-02	0.95	0.95	0.875	0.915	15380
2014-10-06	0.9	0.929	0.9	0.929	1200
2014-10-07	0.9	0.919	0.87	0.885	18760
2014-10-08	0.87	0.91	0.86	0.91	12450
2014-10-09	0.85	0.909	0.85	0.909	70
2014-10-10	0.851	0.88	0.85	0.88	2010
2014-10-13	0.895	0.928	0.85	0.918	52320
2014-10-14	0.918	0.918	0.918	0.918	130
2014-10-15	0.915	0.987	0.915	0.987	80560
2014-10-16	0.975	0.975	0.926	0.926	12820
2014-10-17	0.95	0.95	0.95	0.95	20
2014-10-20	0.975	0.975	0.935	0.96	2030
2014-10-21	0.95	0.95	0.942	0.942	2200
2014-10-22	0.96	0.96	0.927	0.959	12120
2014-10-23	0.959	0.959	0.9	0.959	5100
2014-10-24	0.94	0.94	0.94	0.94	50
2014-10-27	0.94	0.94	0.94	0.94	20
2014-10-28	0.935	0.935	0.892	0.92	2110
2014-10-29	0.893	0.921	0.88	0.921	5630
2014-10-30	0.9	0.913	0.85	0.91	33820
2014-10-31	0.855	0.939	0.855	0.939	7000
2014-11-03	0.939	0.942	0.901	0.93	7940
2014-11-04	0.901	0.938	0.901	0.93	7080
2014-11-05	0.941	0.941	0.89	0.9	10110
2014-11-06	0.86	0.9	0.86	0.9	150
2014-11-07	0.9	0.939	0.9	0.939	13000
2014-11-10	0.911	0.939	0.911	0.915	9000
2014-11-12	0.972	1.15	0.972	1.09	222670
2014-11-13	1.089	1.089	1.006	1.049	25440
2014-11-14	1.01	1.064	0.991	1.064	33200
2014-11-17	1.062	1.105	1.062	1.095	31750
2014-11-18	1.09	1.09	0.991	1.04	76850
2014-11-19	1.045	1.269	1.04	1.269	206700
2014-11-20	1.27	1.739	1.27	1.698	800820
2014-11-21	1.68	1.72	1.48	1.553	296650
2014-11-24	1.562	1.71	1.56	1.637	334080
2014-11-25	1.5	1.65	1.5	1.64	192750
2014-11-26	1.61	1.8	1.564	1.79	311430
2014-11-27	1.75	1.85	1.64	1.75	170340
2014-11-28	1.71	1.744	1.64	1.732	31770
2014-12-01	1.735	1.735	1.65	1.652	44130
2014-12-02	1.65	1.698	1.552	1.635	107060
2014-12-03	1.59	1.635	1.551	1.608	50930
2014-12-04	1.561	1.788	1.52	1.748	185870
2014-12-05	1.745	1.78	1.65	1.735	112540
2014-12-08	1.758	2.105	1.758	1.995	415730
2014-12-09	1.994	2.15	1.825	1.9	316870
2014-12-10	1.898	2.45	1.801	2.4	748750
2014-12-11	2.5	2.64	2.312	2.331	529260
2014-12-12	2.375	2.46	2.25	2.35	111210
2014-12-15	2.3	2.55	2.3	2.398	147890
2014-12-16	2.38	2.53	2.175	2.41	150770
2014-12-17	2.41	2.499	2.31	2.399	46080
2014-12-18	2.398	2.4	2.27	2.329	28260
2014-12-19	2.273	2.29	1.8	1.874	363640
2014-12-22	1.874	1.98	1.801	1.884	139100
2014-12-23	1.812	1.87	1.7	1.858	216890
2014-12-29	1.8	1.88	1.721	1.858	48050
2014-12-30	1.865	1.91	1.75	1.808	32830
2015-01-02	1.85	1.85	1.724	1.848	30430
2015-01-05	1.848	1.88	1.75	1.855	21770
2015-01-07	1.884	2.15	1.884	2.09	105400
2015-01-08	2.031	2.399	2.015	2.151	267100
2015-01-09	2.12	2.169	2.002	2.12	45350
2015-01-12	2.13	2.5	2.12	2.22	251350
2015-01-13	2.37	2.4	1.96	1.99	264270
2015-01-14	2	2.2	1.955	2.13	145070
2015-01-15	2.12	2.17	2	2.125	55370
2015-01-16	2.05	2.17	2.015	2.17	30170
2015-01-19	2.16	2.16	2.06	2.14	10270
2015-01-20	2.1	2.14	2	2.049	31130
2015-01-21	2.025	2.025	1.9	1.961	44170
2015-01-22	2.018	2.05	1.999	1.999	30960
2015-01-23	2.03	2.145	1.966	2.124	24380
2015-01-26	2.124	2.124	2	2.096	16980
2015-01-27	2.08	2.185	1.96	2.14	38710
2015-01-28	2.11	2.525	2.11	2.45	269540
2015-01-29	2.45	2.59	2.4	2.519	98750
2015-01-30	2.519	2.519	2.4	2.449	21250
2015-02-02	2.5	2.65	2.5	2.501	143270
2015-02-03	2.55	2.62	2.348	2.4	93810
2015-02-04	2.479	2.5	2.24	2.4	24070
2015-02-05	2.45	2.45	2.25	2.445	29920
2015-02-06	2.445	2.599	2.4	2.549	56210
2015-02-09	2.582	2.582	2.402	2.565	51620
2015-02-10	2.57	2.57	2.29	2.323	83060
2015-02-11	2.37	2.45	2.288	2.45	68480
2015-02-12	2.484	2.498	2.32	2.433	65160
2015-02-13	2.429	2.44	2.33	2.43	22470
2015-02-16	2.429	2.694	2.429	2.645	148930
2015-02-17	2.637	2.642	2.45	2.47	81510
2015-02-18	2.549	2.559	2.47	2.537	23070
2015-02-19	2.643	2.643	2.55	2.572	64210
2015-02-20	2.58	2.959	2.552	2.889	156020
2015-02-23	2.88	2.96	2.8	2.889	98420
2015-02-24	2.95	2.997	2.816	2.98	110280
2015-02-25	2.98	3.19	2.98	3.119	180980
2015-02-26	3.179	3.179	2.814	2.944	137990
2015-02-27	2.945	3.175	2.85	3.11	22150
2015-03-02	3.175	3.175	3.09	3.15	27650
2015-03-03	3.155	3.233	3.112	3.23	78100
2015-03-04	3.15	3.225	3.034	3.05	25970
2015-03-05	3.1	3.17	2.974	3.085	45290
2015-03-06	3.167	3.167	3.01	3.125	24640
2015-03-09	3.102	3.102	3.01	3.01	15790
2015-03-10	2.974	3.007	2.82	2.978	98360
2015-03-11	2.87	3	2.833	2.87	19410
2015-03-12	2.82	2.945	2.74	2.885	57100
2015-03-13	2.924	2.945	2.8	2.945	23130
2015-03-16	2.94	3.59	2.87	3.59	202650
2015-03-17	3.65	3.8	3.412	3.68	195370
2015-03-18	3.65	3.81	3.53	3.683	125640
2015-03-19	3.607	3.844	3.6	3.799	81180
2015-03-20	3.842	3.855	3.621	3.785	90810
2015-03-23	3.82	3.824	3.64	3.8	57700
2015-03-24	3.798	3.798	3.639	3.65	35170
2015-03-25	3.64	3.65	3.553	3.649	46770
2015-03-26	3.62	3.65	3.55	3.6	23000
2015-03-27	3.601	3.765	3.601	3.733	46750
2015-03-30	3.69	3.69	3.38	3.38	135560
2015-03-31	3.06	3.6	2.955	3.6	355510
2015-04-01	3.6	3.8	3.6	3.76	87950
2015-04-02	3.798	3.798	3.251	3.596	61450
2015-04-07	3.6	3.75	3.6	3.749	48520
2015-04-08	3.75	3.979	3.676	3.979	80800
2015-04-09	3.988	4.088	3.9	4.077	55520
2015-04-10	4.077	4.089	3.91	4.03	65880
2015-04-13	3.95	4.03	3.503	3.69	111070
2015-04-14	3.61	3.61	3.312	3.47	233740
2015-04-15	3.489	3.499	3.125	3.21	180140
2015-04-16	3.389	3.398	3.23	3.3	203370
2015-04-17	3.358	3.358	3.15	3.248	64730
2015-04-20	3.113	3.248	3.05	3.1	113060
2015-04-21	3.1	3.195	2.95	3.1	207910
2015-04-22	3.06	3.149	3.011	3.1	43660
2015-04-23	3.1	3.5	3.08	3.3	83270
2015-04-24	3.401	3.6	3.306	3.4	152390
2015-04-27	3.4	3.45	3.2	3.43	56190
2015-04-28	3.334	3.334	2.9	3.098	147810
2015-04-29	3.095	3.148	3	3.12	56550
2015-04-30	3.148	3.2	3.05	3.2	34130
2015-05-04	3.2	3.246	3.2	3.2	18530
2015-05-05	3.175	3.245	3.15	3.22	15350
2015-05-06	3.22	3.22	3.101	3.149	13460
2015-05-07	3.002	3.15	2.655	2.698	217320
2015-05-08	2.698	2.86	2.56	2.789	126970
2015-05-11	2.789	2.85	2.5	2.6	79890
2015-05-12	2.6	2.7	2.261	2.398	424990
2015-05-13	2.25	2.33	1.915	2.17	610690
2015-05-14	2.197	2.477	2.1	2.42	211680
2015-05-15	2.549	2.564	2.3	2.488	118160
2015-05-18	2.45	2.549	2.32	2.484	72510
2015-05-19	2.484	2.53	2.35	2.4	19540
2015-05-20	2.32	2.32	2.26	2.31	14070
2015-05-21	2.245	2.32	2.17	2.32	14610
2015-05-22	2.32	2.373	2.3	2.372	14170
2015-05-25	2.385	2.448	2.385	2.448	9000
2015-05-26	2.448	2.585	2.42	2.52	20040
2015-05-27	2.521	2.777	2.52	2.56	43120
2015-05-28	2.58	2.9	2.58	2.874	92450
2015-05-29	2.948	2.949	2.812	2.947	83820
2015-06-01	2.93	2.947	2.75	2.755	32560
2015-06-02	2.7	2.892	2.7	2.8	50540
2015-06-03	2.836	2.849	2.73	2.81	5860
2015-06-05	2.72	2.81	2.72	2.81	3010
2015-06-08	2.73	2.797	2.72	2.73	6410
2015-06-09	2.73	2.8	2.683	2.7	61550
2015-06-10	2.7	2.75	2.69	2.73	96720
2015-06-11	2.745	2.745	2.537	2.7	15240
2015-06-12	2.64	2.72	2.555	2.6	13960
2015-06-15	2.599	2.6	2.37	2.597	17010
2015-06-16	2.565	2.595	2.35	2.562	7070
2015-06-17	2.55	2.55	2.305	2.469	24550
2015-06-18	2.459	2.64	2.38	2.62	13020
2015-06-19	2.639	2.639	2.521	2.6	2370
2015-06-22	2.52	2.6	2.5	2.57	22360
2015-06-23	2.5	2.85	2.5	2.8	80500
2015-06-24	2.8	2.898	2.66	2.86	40000
2015-06-25	2.82	2.859	2.735	2.8	14280
2015-06-26	2.736	2.793	2.43	2.45	72150
2015-06-29	2.28	2.489	2.1	2.3	51240
2015-06-30	2.28	2.379	2.252	2.252	13330
2015-07-01	2.3	2.377	2.3	2.373	5480
2015-07-02	2.372	2.373	2.3	2.369	12420
2015-07-03	2.3	2.36	2.29	2.295	6790
2015-07-06	2.377	2.377	2.2	2.299	18780
2015-07-07	2.25	2.3	2.203	2.299	17510
2015-07-08	2.204	2.3	2.2	2.264	20850
2015-07-09	2.263	2.3	2.263	2.3	17850
2015-07-10	2.33	2.695	2.3	2.594	99980
2015-07-13	2.621	2.76	2.6	2.695	57920
2015-07-14	2.7	2.7	2.51	2.67	22950
2015-07-15	2.62	2.675	2.515	2.61	11510
2015-07-16	2.693	2.7	2.68	2.7	5560
2015-07-17	2.56	2.74	2.56	2.709	22060
2015-07-20	2.709	2.72	2.627	2.7	16300
2015-07-21	2.627	2.7	2.627	2.69	14870
2015-07-22	2.694	2.735	2.636	2.733	21830
2015-07-23	2.734	2.75	2.734	2.75	28120
2015-07-24	2.75	2.774	2.627	2.699	8760
2015-07-27	2.749	2.86	2.66	2.86	41880
2015-07-28	2.903	2.989	2.75	2.75	29950
2015-07-29	2.84	2.84	2.75	2.84	3340
2015-07-30	2.751	2.805	2.7	2.8	23690
2015-07-31	2.86	2.86	2.8	2.849	6790
2015-08-03	2.85	2.86	2.71	2.855	7830
2015-08-04	2.855	2.855	2.65	2.78	35150
2015-08-05	2.815	2.815	2.65	2.65	30360
2015-08-06	2.82	2.82	2.6	2.748	9590
2015-08-07	2.622	2.74	2.622	2.7	15930
2015-08-10	2.605	2.699	2.312	2.65	74170
2015-08-11	2.6	2.65	2.6	2.6	63480
2015-08-12	2.55	2.6	2.53	2.57	11080
2015-08-13	2.7	2.84	2.66	2.679	86300
2015-08-14	2.68	2.789	2.621	2.789	27180
2015-08-17	2.752	2.752	2.671	2.699	12060
2015-08-18	2.77	2.789	2.715	2.77	40880
2015-08-19	2.8	3.135	2.758	3.129	261790
2015-08-20	3.128	3.37	2.9	3.087	270420
2015-08-21	3.1	3.195	3.002	3.144	50870
2015-08-24	3	3.09	2.675	2.8	128450
2015-08-25	2.8	3.13	2.8	3.081	230450
2015-08-26	3.052	3.198	2.951	3.05	52720
2015-08-27	3.1	3.1	2.856	2.89	57460
2015-08-28	3.2	3.35	3.015	3.09	174400
2015-08-31	3.096	3.135	3	3.099	20830
2015-09-01	3.09	3.099	3	3.049	95210
2015-09-02	3.05	3.1	3.001	3.095	19280
2015-09-03	3.099	3.099	3.01	3.097	23310
2015-09-04	3.026	3.098	3.026	3.08	7350
2015-09-07	3.06	3.15	3.02	3.06	31930
2015-09-08	3.12	3.12	3.03	3.098	14530
2015-09-09	3.09	3.4	3.09	3.38	368010
2015-09-10	3.398	3.6	3.35	3.5	245410
2015-09-11	3.5	3.55	3.48	3.55	230390
2015-09-14	3.547	3.547	3.33	3.439	27520
2015-09-15	3.353	3.389	3.24	3.345	30080
2015-09-16	3.23	3.28	3.097	3.25	69450
2015-09-17	3.08	3.244	3.08	3.244	116640
2015-09-18	3.245	3.298	3.166	3.288	21430
2015-09-21	3.2	3.267	3.05	3.063	43590
2015-09-22	3.198	3.198	3.048	3.145	23380
2015-09-23	3.185	3.249	3.09	3.239	6240
2015-09-24	3.265	3.265	3.12	3.234	13340
2015-09-25	3.23	3.285	3.061	3.16	46100
2015-09-28	3.16	3.16	3.061	3.15	8920
2015-09-29	3.256	3.76	3.25	3.65	597830
2015-09-30	3.695	3.984	3.562	3.648	460190
2015-10-01	3.68	3.68	3.45	3.629	126140
2015-10-02	3.628	3.85	3.599	3.755	90690
2015-10-05	3.8	3.96	3.612	3.931	185610
2015-10-06	3.9	3.939	3.82	3.876	57660
2015-10-07	3.876	3.876	3.751	3.796	42460
2015-10-08	3.82	3.855	3.678	3.849	63860
2015-10-09	3.78	3.85	3.75	3.75	32860
2015-10-12	3.8	3.8	3.621	3.7	21350
2015-10-13	3.7	3.749	3.621	3.697	36390
2015-10-14	3.69	3.7	3.621	3.69	59360
2015-10-15	3.7	3.87	3.535	3.6	91950
2015-10-16	3.67	3.685	3.426	3.56	58810
2015-10-19	3.53	3.65	3.49	3.56	29270
2015-10-20	3.685	3.69	3.5	3.59	13790
2015-10-21	3.521	3.584	3.5	3.565	37850
2015-10-22	3.47	3.56	3.47	3.555	7700
2015-10-23	3.553	3.644	3.436	3.644	73800
2015-10-26	3.65	3.75	3.65	3.698	66370
2015-10-27	3.734	3.86	3.7	3.749	510190
2015-10-28	3.86	3.86	3.353	3.56	63940
2015-10-29	3.545	3.59	3.465	3.59	141610
2015-10-30	3.59	3.739	3.5	3.698	19470
2015-11-02	3.698	3.74	3.69	3.74	18410
2015-11-03	3.738	3.878	3.601	3.71	121830
2015-11-04	3.681	3.795	3.621	3.75	52710
2015-11-05	3.83	4	3.66	3.738	214910
2015-11-06	3.659	3.76	3.659	3.735	30400
2015-11-09	3.7	3.747	3.6	3.632	44950
2015-11-10	3.6	3.8	3.521	3.8	63030
2015-11-12	3.8	3.8	3.681	3.74	35280
2015-11-13	3.11	3.49	3.11	3.34	348380
2015-11-16	3.33	3.399	3.15	3.199	102360
2015-11-17	3.294	3.379	3.111	3.379	73350
2015-11-18	3.399	3.443	3.242	3.413	157950
2015-11-19	3.43	3.43	3.323	3.428	25790
2015-11-20	3.439	3.439	3.351	3.4	3780
2015-11-23	3.4	3.4	3.31	3.31	13500
2015-11-24	3.3	3.3	3.158	3.274	92750
2015-11-25	3.289	3.289	3.17	3.224	66940
2015-11-26	3.3	3.3	3.2	3.27	7640
2015-11-27	3.45	3.45	3.28	3.33	24640
2015-11-30	3.4	3.4	3.21	3.35	3600
2015-12-01	3.31	3.31	3.2	3.25	6480
2015-12-02	3.24	3.24	3.152	3.152	33500
2015-12-03	3.15	3.152	2.865	3.002	50880
2015-12-04	3.014	3.014	2.812	2.961	63570
2015-12-07	2.952	3.125	2.952	2.985	55590
2015-12-08	2.951	3.15	2.951	2.999	41430
2015-12-09	3.099	3.1	2.999	2.999	8900
2015-12-10	3.099	3.099	2.831	2.999	20430
2015-12-11	2.999	2.999	2.93	2.98	28580
2015-12-14	2.88	2.979	2.832	2.93	53310
2015-12-15	2.97	3.038	2.8	2.927	80900
2015-12-16	2.801	2.93	2.801	2.918	2210
2015-12-17	2.85	2.948	2.78	2.85	27340
2015-12-18	2.81	2.85	2.625	2.795	115660
2015-12-21	2.787	2.795	2.74	2.793	79380
2015-12-22	2.794	2.794	2.701	2.75	20300
2015-12-23	2.75	2.844	2.6	2.83	193930
2015-12-28	2.85	3.153	2.785	2.785	95940
2015-12-29	2.888	2.969	2.785	2.821	32010
2015-12-30	2.915	2.915	2.828	2.85	9140
2016-01-04	2.845	2.845	2.793	2.837	13540
2016-01-05	2.851	3.03	2.851	3	36410
2016-01-07	3	3.09	2.905	3.05	40700
2016-01-08	3.08	3.15	3	3.069	23490
2016-01-11	3.075	3.075	3.003	3.07	8780
2016-01-12	3.012	3.15	3.012	3.135	49350
2016-01-13	3.172	3.29	3.172	3.183	86280
2016-01-14	3.156	3.227	3.11	3.217	14820
2016-01-15	3.2	3.25	3.191	3.235	33710
2016-01-18	3.26	3.26	3.123	3.199	25960
2016-01-19	3.23	3.23	3.13	3.198	43630
2016-01-20	3.2	3.26	3.15	3.22	77930
2016-01-21	3.21	3.624	3.21	3.55	223950
2016-01-22	3.636	3.745	3.555	3.6	204630
2016-01-25	3.65	3.723	3.561	3.6	75030
2016-01-26	3.514	3.59	3.421	3.55	71430
2016-01-27	3.58	3.7	3.58	3.7	148760
2016-01-28	3.95	4.177	3.83	3.851	286550
2016-01-29	3.974	4.67	3.93	4.4	719220
2016-02-01	4.528	4.67	4.125	4.451	356260
2016-02-02	4.494	4.494	4.305	4.322	49670
2016-02-03	4.33	4.477	4.32	4.43	116980
2016-02-04	4.46	4.555	4.281	4.39	187270
2016-02-05	4.38	4.45	4.28	4.335	73380
2016-02-08	4.469	4.469	4.08	4.194	70100
2016-02-09	4.114	4.165	4.011	4.02	34860
2016-02-10	4	4.18	3.9	4.175	47930
2016-02-11	4.189	4.449	4.05	4.38	115670
2016-02-12	4.46	4.46	4.15	4.29	46560
2016-02-15	4.269	4.3	4.135	4.2	76200
2016-02-16	4.355	4.375	4.201	4.287	159650
2016-02-17	4.225	4.348	3.861	4	162130
2016-02-18	3.95	4.1	3.862	3.9	83490
2016-02-19	3.946	4.079	3.869	3.87	56790
2016-02-22	3.95	4.005	3.819	4.005	20560
2016-02-23	4	4.01	3.865	3.945	24060
2016-02-24	3.979	4.17	3.975	4.07	31940
2016-02-25	4.091	4.2	4.08	4.16	20450
2016-02-26	4.245	4.279	4.111	4.135	46360
2016-02-29	4	4.17	3.99	4.169	27820
2016-03-01	4.106	4.365	4.106	4.205	164420
2016-03-02	4.35	4.375	4.171	4.25	28440
2016-03-03	4.201	4.315	4.2	4.315	11670
2016-03-04	4.315	4.35	4.27	4.3	23720
2016-03-07	4.3	4.3	4.2	4.298	33090
2016-03-08	4.251	4.34	4.25	4.327	14030
2016-03-09	4.3	4.3	4.153	4.3	19370
2016-03-10	4.309	4.319	4.251	4.319	9790
2016-03-11	4.27	4.32	4.27	4.3	43420
2016-03-14	4.3	4.599	4.253	4.548	57960
2016-03-15	4.599	4.65	4.511	4.648	44770
2016-03-16	4.648	4.678	4.57	4.67	37820
2016-03-17	4.672	4.672	4.5	4.5	31070
2016-03-18	4.49	4.646	4.42	4.58	43350
2016-03-21	4.55	4.75	4.522	4.75	257230
2016-03-22	4.8	4.97	4.79	4.9	84170
2016-03-23	4.9	4.9	4.705	4.875	80320
2016-03-24	4.875	4.875	4.764	4.84	6550
2016-03-29	4.755	4.899	4.71	4.798	59610
2016-03-30	4.798	4.989	4.75	4.88	196110
2016-03-31	4.9	5.041	4.88	5.015	145590
2016-04-01	4.905	5	4.905	4.994	58730
2016-04-04	5.05	5.05	4.97	4.99	17650
2016-04-05	4.931	5.024	4.63	4.7	91490
2016-04-06	4.652	4.75	4.61	4.748	82410
2016-04-07	4.671	4.9	4.65	4.86	93980
2016-04-08	4.899	4.899	4.702	4.849	8520
2016-04-11	4.8	4.87	4.76	4.825	40920
2016-04-12	4.798	4.798	4.76	4.76	85760
2016-04-13	4.761	4.79	4.76	4.76	41810
2016-04-14	4.765	4.9	4.76	4.878	39090
2016-04-15	4.83	4.86	4.78	4.839	70320
2016-04-18	4.782	4.83	4.615	4.638	51720
2016-04-19	4.715	4.715	4.523	4.53	64430
2016-04-20	4.511	4.597	4.48	4.482	52180
2016-04-21	4.648	4.648	4.482	4.5	10140
2016-04-22	4.5	4.589	4.48	4.5	18740
2016-04-25	4.5	4.649	4.5	4.535	13700
2016-04-26	4.511	4.646	4.511	4.6	34280
2016-04-27	4.62	4.65	4.55	4.57	24240
2016-04-28	4.535	4.65	4.535	4.642	66800
2016-04-29	4.6	4.64	4.56	4.6	15100
2016-05-02	4.6	4.6	4.54	4.6	6930
2016-05-04	4.533	4.598	4.533	4.533	12420
2016-05-05	4.533	4.59	4.533	4.588	5780
2016-05-06	4.55	4.67	4.534	4.6	24600
2016-05-09	4.6	4.6	4.535	4.535	13140
2016-05-10	4.501	4.501	4.38	4.487	30030
2016-05-11	4.45	4.485	4.445	4.485	3950
2016-05-12	4.452	4.65	4.45	4.505	11730
2016-05-13	4.406	4.505	4.35	4.505	4860
2016-05-16	4.5	4.55	4.45	4.484	23550
2016-05-17	4.232	4.47	4.232	4.35	58600
2016-05-18	4.29	4.3	4.155	4.3	105420
2016-05-19	4.35	4.35	4.232	4.31	5520
2016-05-20	4.345	4.345	4.3	4.345	3800
2016-05-23	4.42	4.42	4.225	4.269	14960
2016-05-24	4.251	4.32	4.251	4.32	3690
2016-05-25	4.32	4.39	4.301	4.331	2880
2016-05-27	4.439	4.544	4.366	4.49	24390
2016-05-30	4.49	4.49	4.45	4.49	17990
2016-05-31	4.45	4.49	4.45	4.49	820
2016-06-01	4.5	4.679	4.47	4.512	108290
2016-06-02	4.64	4.64	4.52	4.574	7380
2016-06-03	4.67	4.98	4.61	4.895	101580
2016-06-06	4.9	4.939	4.82	4.919	16330
2016-06-07	4.856	4.95	4.83	4.9	22170
2016-06-08	4.845	4.979	4.845	4.979	25720
2016-06-09	4.975	5.15	4.935	4.961	110060
2016-06-10	5.029	5.029	4.89	4.9	30280
2016-06-13	4.895	4.895	4.68	4.75	45430
2016-06-14	4.88	4.9	4.6	4.6	45570
2016-06-15	4.557	4.6	4.47	4.569	16390
2016-06-16	4.48	4.56	4.38	4.4	24110
2016-06-17	4.31	4.47	4.3	4.47	16050
2016-06-20	4.5	4.588	4.5	4.58	6940
2016-06-21	4.588	4.62	4.5	4.599	9860
2016-06-22	4.599	4.938	4.599	4.935	44070
2016-06-23	4.929	4.929	4.777	4.85	14160
2016-06-24	4.302	4.6	4.302	4.59	51910
2016-06-27	4.68	4.7	4.57	4.57	32250
2016-06-28	4.551	4.724	4.55	4.724	24460
2016-06-29	4.724	4.924	4.724	4.924	54680
2016-06-30	4.924	4.948	4.78	4.948	97130
2016-07-01	4.95	5.23	4.95	5	129990
2016-07-04	5	5.08	4.94	5	60900
2016-07-05	5	5	4.95	5	6680
2016-07-06	4.94	4.99	4.562	4.9	14240
2016-07-07	4.95	4.975	4.9	4.94	4810
2016-07-08	4.939	4.939	4.8	4.9	17360
2016-07-11	4.939	4.939	4.801	4.875	14920
2016-07-12	4.806	4.915	4.806	4.915	11260
2016-07-13	4.936	4.938	4.831	4.899	5450
2016-07-14	4.899	4.939	4.861	4.929	7030
2016-07-15	4.935	4.935	4.831	4.857	47910
2016-07-18	4.81	4.94	4.81	4.9	4170
2016-07-19	4.915	4.94	4.82	4.914	2300
2016-07-20	4.899	4.899	4.8	4.89	17240
2016-07-21	4.806	4.939	4.8	4.925	19950
2016-07-22	4.92	5.002	4.9	5.002	8820
2016-07-25	5	5.227	4.99	5.226	44950
2016-07-26	5.227	5.39	5.022	5.337	80360
2016-07-27	5.394	5.73	5.3	5.66	87780
2016-07-28	5.601	5.843	5.601	5.76	46150
2016-07-29	5.7	5.8	5.7	5.799	32990
2016-08-01	5.799	5.799	5.709	5.709	27750
2016-08-02	5.7	5.7	5.4	5.474	48870
2016-08-03	5.5	5.55	5.35	5.545	26660
2016-08-04	5.53	5.545	5.456	5.545	2690
2016-08-05	5.55	5.685	5.4	5.6	42880
2016-08-08	5.7	5.707	5.425	5.64	30290
2016-08-09	5.649	5.71	5.4	5.71	71170
2016-08-10	5.533	5.699	5.4	5.57	75120
2016-08-11	5.575	5.725	5.55	5.7	98020
2016-08-12	5.796	5.8	5.603	5.725	71540
2016-08-16	5.725	5.779	5.601	5.7	59770
2016-08-17	5.719	5.719	5.579	5.7	43010
2016-08-18	5.739	5.78	5.725	5.769	15690
2016-08-19	5.755	5.755	5.621	5.703	6070
2016-08-22	5.7	5.7	5.65	5.65	23290
2016-08-23	5.601	5.64	5.56	5.63	5400
2016-08-24	5.5	5.65	5.5	5.55	17950
2016-08-25	5.49	5.599	5.49	5.491	9730
2016-08-26	5.52	5.579	5.49	5.579	12360
2016-08-29	5.575	5.745	5.575	5.742	15120
2016-08-30	5.74	5.74	5.625	5.726	18030
2016-08-31	5.69	5.727	5.625	5.7	30470
2016-09-01	5.605	5.605	5.33	5.33	14780
2016-09-02	5.33	5.48	5.05	5.39	21360
2016-09-05	5.525	5.525	5.16	5.435	17980
2016-09-06	5.465	5.52	5.25	5.455	13420
2016-09-07	5.453	5.453	5.295	5.4	13550
2016-09-08	5.42	5.513	5.38	5.499	21610
2016-09-09	5.499	6.045	5.499	6.025	97620
2016-09-12	6.07	6.07	5.73	5.92	34150
2016-09-13	5.919	6.01	5.85	6.01	144400
2016-09-14	6.011	6.24	5.861	6.139	44380
2016-09-15	6.2	6.365	6.012	6.36	46060
2016-09-16	6.301	6.363	6.25	6.3	7330
2016-09-19	6.282	6.385	6.161	6.349	19450
2016-09-20	6.349	6.369	6.26	6.31	20190
2016-09-21	6.23	6.54	6.23	6.5	34360
2016-09-22	6.505	6.53	6.301	6.455	25130
2016-09-23	6.54	6.54	6.26	6.3	24200
2016-09-26	6.315	6.395	6	6.1	30090
2016-09-27	6.098	6.098	5.8	5.885	89520
2016-09-28	5.884	5.95	5.703	5.885	43860
2016-09-29	5.901	6.25	5.901	6.2	75900
2016-09-30	6.285	6.3	6.11	6.165	33950
2016-10-03	6.165	6.195	5.901	6.01	56450
2016-10-04	6.01	6.15	5.9	5.9	55040
2016-10-05	6	6.05	5.86	5.86	12280
2016-10-06	5.855	6	5.61	5.88	58920
2016-10-07	5.88	5.895	5.64	5.85	32660
2016-10-10	5.999	6	5.85	6	67280
2016-10-11	6.099	6.099	5.85	5.85	55960
2016-10-12	5.98	6.17	5.85	6.145	23930
2016-10-13	6.135	6.47	6.05	6.39	209050
2016-10-14	6.44	6.54	6.393	6.52	62870
2016-10-17	6.52	6.798	6.49	6.7	99380
2016-10-18	6.689	6.86	6.51	6.818	70490
2016-10-19	6.809	6.9	6.61	6.75	56350
2016-10-20	6.745	6.78	6.62	6.75	26050
2016-10-21	6.769	6.8	6.651	6.75	25210
2016-10-24	6.75	6.88	6.701	6.88	63040
2016-10-25	6.9	6.9	6.8	6.8	45860
2016-10-26	6.689	6.689	6.3	6.4	183580
2016-10-27	6.38	6.75	6.38	6.75	94020
2016-10-28	6.779	6.94	6.7	6.899	75180
2016-10-31	6.898	7.2	6.8	7.09	85380
2016-11-02	7.01	7.159	6.98	7.049	36640
2016-11-03	7.001	7.048	6.665	6.765	51470
2016-11-04	6.889	7	6.85	6.905	63780
2016-11-07	6.888	6.99	6.805	6.935	5340
2016-11-08	6.8	6.9	6.722	6.9	33370
2016-11-09	6.7	7.149	6.7	7.14	52780
2016-11-10	7.2	7.21	7.1	7.19	33390
2016-11-14	7.22	7.22	6.95	6.98	17030
2016-11-15	7.095	7.095	6.913	6.95	7010
2016-11-16	6.95	6.95	6.21	6.6	80680
2016-11-17	6.605	6.8	6.4	6.5	45920
2016-11-18	6.53	6.65	6.485	6.65	12430
2016-11-21	6.65	6.78	6.5	6.6	51380
2016-11-22	6.6	6.685	6.455	6.633	13250
2016-11-23	6.7	6.8	6.65	6.78	15770
2016-11-24	6.78	6.79	6.68	6.79	4570
2016-11-25	6.789	6.789	6.6	6.63	10850
2016-11-28	6.64	6.72	6.64	6.65	10070
2016-11-29	6.65	6.719	6.645	6.646	16640
2016-11-30	6.65	6.65	6.63	6.65	11920
2016-12-01	6.65	6.65	6.6	6.65	22340
2016-12-02	6.65	6.65	6.6	6.63	12260
2016-12-05	6.63	6.75	6.6	6.74	54370
2016-12-06	6.7	6.7	6.6	6.68	25970
2016-12-07	6.7	6.78	6.602	6.65	12350
2016-12-08	6.65	6.748	6.61	6.68	15050
2016-12-09	6.7	6.75	6.435	6.69	47630
2016-12-12	6.72	7.19	6.7	7.15	100220
2016-12-13	7.198	7.45	7.012	7.45	126220
2016-12-14	7.45	7.745	7.45	7.65	145660
2016-12-15	7.69	7.789	7.67	7.719	138970
2016-12-16	7.672	7.8	7.654	7.724	87200
2016-12-19	7.724	7.788	7.702	7.74	28310
2016-12-20	7.75	7.89	7.701	7.89	90610
2016-12-21	7.88	7.999	7.813	7.998	55700
2016-12-22	7.999	8.38	7.999	8.18	137280
2016-12-23	8.252	8.267	8.021	8.021	27240
2016-12-27	7.89	8.096	7.8	8.049	77500
2016-12-28	8	8.275	7.915	8.1	48390
2016-12-29	8.155	8.155	7.95	8	38980
2016-12-30	8.09	8.09	7.67	7.94	70260
2017-01-02	7.645	8.099	7.645	7.746	86490
2017-01-03	7.749	7.89	7.66	7.88	30950
2017-01-04	7.879	8.16	7.701	8.149	46080
2017-01-05	8.05	8.39	8.05	8.35	48720
2017-01-09	8.426	8.45	8.251	8.384	25790
2017-01-10	8.35	8.384	8.2	8.33	64770
2017-01-11	8.35	8.35	8.2	8.29	10640
2017-01-12	8.3	9.3	8.06	9.2	277470
2017-01-13	9.209	9.23	8.82	8.899	44260
2017-01-16	8.9	8.9	8.69	8.7	17060
2017-01-17	8.7	9.38	8.7	9.339	116200
2017-01-18	9.45	9.6	9.4	9.468	113350
2017-01-19	9.48	9.599	9.121	9.2	70450
2017-01-20	9.1	9.199	8.82	9.04	47870
2017-01-23	9.1	9.4	8.8	9	396560
2017-01-24	9.095	9.097	8.82	8.99	21390
2017-01-25	8.995	8.995	8.85	8.995	51000
2017-01-26	8.995	9	8.86	8.93	27440
2017-01-27	8.9	8.93	8.7	8.83	33850
2017-01-30	8.65	8.83	8.501	8.83	48970
2017-01-31	8.551	9.1	8.54	9.1	101380
2017-02-01	9.1	9.2	9	9.1	26180
2017-02-02	9.19	9.3	8.98	9.3	85620
2017-02-03	9.3	9.34	9.17	9.32	6010
2017-02-06	9.3	9.38	8.833	9.15	26210
2017-02-07	9.18	9.2	8.92	9	15420
2017-02-08	8.851	9.129	8.85	9	21640
2017-02-09	9.2	9.2	9	9.175	27150
2017-02-10	9.18	9.18	8.801	9.137	42620
2017-02-13	9.108	9.108	8.95	9.049	31580
2017-02-14	9	9.1	8.91	9.05	9830
2017-02-15	9.055	9.163	8.806	9.16	524430
2017-02-16	9.17	10	9.087	10	223100
2017-02-17	10	10.2	9.6	9.7	31150
2017-02-20	9.85	9.9	9.7	9.799	13810
2017-02-21	9.835	10.65	9.75	10.625	143020
2017-02-22	10.6	10.6	10.4	10.535	9430
2017-02-23	10.55	11.1	10.55	10.99	72720
2017-02-24	11.2	11.6	11.1	11.405	132370
2017-02-27	11.5	11.975	11.4	11.975	82120
2017-02-28	11.975	12.18	11.5	11.58	101620
2017-03-01	11.76	11.9	11.65	11.8	21490
2017-03-02	11.9	12.19	11.9	12.13	38270
2017-03-03	12.165	12.165	12	12	29510
2017-03-06	11.89	12	11.62	11.68	34000
2017-03-07	11.5	11.7	11.1	11.3	94580
2017-03-08	11.105	11.495	10.03	10.8	149010
2017-03-09	10.55	11.12	10.55	10.8	13570
2017-03-10	10.8	11.095	10.71	10.85	24660
2017-03-13	11.08	11.08	10.705	10.8	20660
2017-03-14	10.995	10.995	10.8	10.825	14470
2017-03-15	10.825	10.985	10.605	10.64	55100
2017-03-16	10.57	10.9	10.57	10.875	9210
2017-03-17	10.7	10.84	10.64	10.67	23320
2017-03-20	10.7	10.85	10.5	10.74	18690
2017-03-21	10.61	10.795	10.49	10.65	89620
2017-03-22	10.555	10.655	10.495	10.655	19740
2017-03-23	10.745	10.745	10.5	10.6	10460
2017-03-24	10.6	10.715	10.5	10.63	8370
2017-03-27	10.74	10.74	10.5	10.5	23420
2017-03-28	10.645	10.645	10.5	10.57	8320
2017-03-29	10.5	10.95	10.5	10.8	27120
2017-03-30	10.98	10.98	10.61	10.975	27100
2017-03-31	10.98	11.04	10.5	11.04	17990
2017-04-03	11.2	11.295	10.89	11.28	24530
2017-04-04	11.275	11.43	11.005	11.27	19810
2017-04-05	11.41	11.45	11.24	11.43	5350
2017-04-06	11.4	11.43	11.12	11.43	8560
2017-04-07	11.4	11.415	11.165	11.39	15740
2017-04-10	11.22	11.4	10.73	11.1	22390
2017-04-11	11.09	11.1	10.73	10.99	15800
2017-04-12	10.74	10.95	10.66	10.79	9310
2017-04-13	10.79	11.275	10.63	11.26	31520
2017-04-18	11.29	11.43	11.2	11.295	59540
2017-04-19	11.3	11.69	11.3	11.67	44840
2017-04-20	11.68	11.82	11.555	11.67	16170
2017-04-21	11.6	11.675	11.505	11.665	13910
2017-04-24	11.6	11.68	11.5	11.67	46400
2017-04-25	11.6	11.6	11.3	11.5	63850
2017-04-26	11.3	11.4	10.55	11.09	85700
2017-04-27	10.905	11.19	10.9	11.06	8110
2017-04-28	11.2	11.29	10.9	11.095	36280
2017-05-02	11.09	11.495	11.09	11.495	28910
2017-05-04	11.495	11.72	11.035	11.7	18750
2017-05-05	11.75	11.9	11.6	11.7	21160
2017-05-08	11.7	12	11.7	11.905	33380
2017-05-09	11.98	12	11.755	11.77	18100
2017-05-10	11.76	11.915	11.76	11.915	16190
2017-05-11	11.71	11.98	11.71	11.975	1210
2017-05-12	11.99	12.35	11.755	12.345	29740
2017-05-15	12.4	12.45	12.21	12.4	12470
2017-05-16	12.345	12.38	12	12.3	20580
2017-05-17	12.37	12.37	11.805	11.96	5830
2017-05-18	11.805	11.805	11.57	11.655	11160
2017-05-19	11.65	11.9	11.57	11.9	22860
2017-05-22	11.895	11.925	11.845	11.845	3650
2017-05-23	11.84	11.84	11.65	11.65	20250
2017-05-24	11.685	11.685	11.155	11.6	33080
2017-05-25	11.68	11.99	11.25	11.97	29460
2017-05-26	11.9	11.9	11.4	11.5	12180
2017-05-29	11.795	11.795	11.35	11.5	16500
2017-05-30	11.3	11.3	9.83	10.3	247170
2017-05-31	10.24	10.495	9.455	9.742	98790
2017-06-01	9.79	10.19	9.604	10.19	44380
2017-06-02	10.2	10.275	10.19	10.275	24820
2017-06-05	10	10	9.6	9.9	38350
2017-06-06	9.7	9.944	9.606	9.9	14770
2017-06-07	9.995	10.2	9.941	10.15	5360
2017-06-08	10.14	10.14	9.9	10.1	9040
2017-06-09	10.09	10.1	9.9	10.07	18240
2017-06-12	10.07	10.07	9.625	9.7	8200
2017-06-13	9.7	9.7	9.231	9.495	68370
2017-06-14	9.55	9.7	8.1	8.4	134260
2017-06-16	8.4	8.83	8.4	8.6	46190
2017-06-19	8.695	8.695	7.25	7.995	162770
2017-06-20	7.851	8.049	7.699	7.807	66860
2017-06-21	7.9	8.66	7.652	8.306	613440
2017-06-22	8.525	8.97	8.5	8.9	137240
2017-06-23	9.14	9.14	8.8	8.99	437600
2017-06-26	9.214	9.215	8.752	8.89	8620
2017-06-27	9.085	9.085	8.79	8.85	17900
2017-06-28	9.01	9.01	8.225	8.849	21490
2017-06-29	8.988	8.988	8.541	8.69	6880
2017-06-30	8.7	9.2	8.6	8.7	54900
2017-07-03	8.9	8.9	8.501	8.599	8090
2017-07-04	8.5	8.549	8.15	8.3	11850
2017-07-05	8.35	8.45	8.02	8.45	26810
2017-07-06	8.5	8.5	8.489	8.5	6240
2017-07-07	8.597	8.597	8.3	8.438	5260
2017-07-10	8.599	8.599	8.445	8.514	1280
2017-07-11	8.595	8.595	8.5	8.509	11010
2017-07-12	8.509	8.59	8.4	8.479	3830
2017-07-13	8.479	8.594	8.221	8.3	6970
2017-07-14	8.395	8.395	7.79	8.24	20470
2017-07-17	8.1	8.22	7.802	8.22	8990
2017-07-18	8.24	8.24	8.003	8.177	13560
2017-07-19	8.22	8.78	8.2	8.38	181640
2017-07-20	8.6	8.6	8.29	8.38	40310
2017-07-21	8.5	8.5	8.3	8.39	62800
2017-07-24	8.52	8.52	8.001	8.15	24610
2017-07-25	8.34	8.4	8.15	8.4	37090
2017-07-26	8.39	8.498	8.39	8.475	15010
2017-07-27	8.474	8.6	8.33	8.5	54310
2017-07-28	8.5	9.06	8.5	8.968	45890
2017-07-31	9.099	9.309	9.03	9.25	79220
2017-08-01	9.29	9.35	9.2	9.3	31060
2017-08-02	9.37	9.444	9.3	9.4	16700
2017-08-03	9.444	9.485	9.3	9.439	20420
2017-08-04	9.44	9.44	8.805	9.3	41990
2017-08-07	9.4	9.485	9.18	9.297	14130
2017-08-08	9.347	9.347	9.01	9.1	26640
2017-08-09	9.15	9.15	8.72	8.99	23470
2017-08-10	9.098	9.485	8.9	9.11	13360
2017-08-11	9.095	9.3	8.9	9.05	9120
2017-08-14	9.277	9.277	9.055	9.2	10470
2017-08-16	9.28	9.7	7.56	9.7	253300
2017-08-17	9.3	9.3	8.4	8.9	193510
2017-08-18	8.54	8.79	8.005	8.612	147430
2017-08-21	8.35	8.388	8.06	8.167	109090
2017-08-22	8.1	8.1	7.6	7.6	233380
2017-08-23	7.6	7.8	7.36	7.5	97770
2017-08-24	7.5	7.599	6.85	7.42	315070
2017-08-25	7.5	7.72	7.301	7.4	31820
2017-08-28	7.5	7.5	7.299	7.45	3610
2017-08-29	7.4	7.47	7.09	7.2	13790
2017-08-30	7	7.265	6.41	6.6	295140
2017-08-31	6.7	6.7	5.902	6.3	366350
2017-09-01	6.1	6.284	6.02	6.2	27380
2017-09-04	6.3	6.58	6.1	6.55	115680
2017-09-05	6.59	6.59	6.1	6.1	169680
2017-09-06	6.069	6.069	5.69	5.69	71240
2017-09-07	5.65	5.95	5.29	5.6	181330
2017-09-08	5.486	6.05	5.42	6	72010
2017-09-11	6.005	6.14	5.752	5.845	17150
2017-09-12	5.849	5.849	5.555	5.7	19140
2017-09-13	5.74	5.749	5.64	5.749	4420
2017-09-14	5.8	5.879	5.66	5.779	17960
2017-09-15	5.879	5.879	5.555	5.58	45470
2017-09-18	5.58	5.58	5.301	5.315	52150
2017-09-19	5.302	5.386	5.22	5.301	11810
2017-09-20	5.325	5.749	5.3	5.35	40180
2017-09-21	5.498	5.719	5.449	5.599	70550
2017-09-22	5.67	5.733	5.45	5.733	21570
2017-09-25	5.64	5.65	5.58	5.648	11910
2017-09-26	5.65	5.705	5.639	5.705	15110
2017-09-27	5.7	6.1	5.7	5.902	59950
2017-09-28	5.959	6.09	5.8	5.8	20790
2017-09-29	5.95	6.08	5.59	5.698	39880
2017-10-02	5.898	5.9	5.67	5.849	9170
2017-10-03	5.8	5.8	5.6	5.6	6350
2017-10-04	5.749	5.749	5.55	5.7	12000
2017-10-05	5.699	5.7	5.517	5.67	15020
2017-10-06	5.677	5.677	5.43	5.59	7720
2017-10-09	5.59	5.59	5.491	5.501	36130
2017-10-10	5.5	5.5	5.317	5.399	10770
2017-10-11	5.4	5.519	5.4	5.45	5310
2017-10-12	5.5	5.5	5.36	5.37	7430
2017-10-13	5.36	5.48	5.36	5.45	3370
2017-10-16	5.48	5.48	5.1	5.228	66830
2017-10-17	5.2	5.2	4.75	4.895	107920
2017-10-18	4.845	4.9	4.611	4.699	56690
2017-10-19	4.699	4.948	4.57	4.919	59030
2017-10-20	4.918	4.919	4.85	4.899	7770
2017-10-23	4.899	4.949	4.85	4.94	7960
2017-10-24	4.948	4.959	4.67	4.671	14990
2017-10-25	4.7	4.889	4.672	4.839	8930
2017-10-26	4.845	4.845	4.69	4.69	7290
2017-10-27	4.809	4.809	4.601	4.689	9540
2017-10-30	4.689	4.78	4.631	4.779	16810
2017-10-31	4.78	4.818	4.45	4.45	51760
2017-11-02	4.641	4.655	4.45	4.45	27460
2017-11-03	4.501	4.52	4.4	4.5	9250
2017-11-06	4.49	4.49	4.26	4.34	26930
2017-11-07	4.252	4.458	4.21	4.34	22810
2017-11-08	4.34	4.34	4.199	4.199	15710
2017-11-09	4.199	4.279	4.199	4.21	4000
2017-11-10	4.203	4.208	4.1	4.2	14790
2017-11-13	4.249	4.25	4.1	4.15	14680
2017-11-14	4.185	4.456	4.102	4.456	28630
2017-11-15	4.631	4.699	3.712	3.87	93270
2017-11-16	3.881	3.95	3.799	3.83	38930
2017-11-17	3.832	4.5	3.8	3.95	49180
2017-11-20	4.088	4.249	4.035	4.22	35890
2017-11-21	4.28	4.7	4.206	4.675	94290
2017-11-22	4.7	4.75	4.5	4.65	25270
2017-11-23	4.689	4.695	4.551	4.695	5520
2017-11-24	4.73	5.086	4.73	4.999	89140
2017-11-27	5.01	5.701	5.01	5.639	144560
2017-11-28	5.64	5.8	5.4	5.578	79720
2017-11-29	5.58	5.678	5.4	5.4	59600
2017-11-30	5.5	5.5	4.8	4.8	61420
2017-12-01	4.732	5	4.732	4.831	16000
2017-12-04	5	5.135	4.82	4.93	6730
2017-12-05	4.985	5.029	4.816	5.029	9240
2017-12-06	5.035	5.035	4.662	4.799	23040
2017-12-07	4.799	4.995	4.71	4.71	15750
2017-12-08	4.85	4.85	4.299	4.599	30700
2017-12-11	4.616	4.794	3.8	4.699	44140
2017-12-12	4.685	5.028	4.685	4.83	27620
2017-12-13	4.95	4.95	4.76	4.8	13800
2017-12-14	4.94	4.94	4.526	4.65	38390
2017-12-15	4.7	4.799	4.58	4.699	10760
2017-12-18	4.939	5.199	4.799	4.9	144400
2017-12-19	4.9	4.9	4.64	4.649	60310
2017-12-20	4.67	4.789	4.311	4.331	63460
2017-12-21	4.401	4.54	4.325	4.389	61470
2017-12-22	4.389	4.389	4.099	4.11	82440
2017-12-27	4.12	4.24	4.04	4.199	129530
2017-12-28	4.225	4.305	4.2	4.297	11010
2017-12-29	4.29	4.29	4.105	4.2	95680
2018-01-03	4.115	4.115	3.8	3.92	72600
2018-01-04	3.885	4.2	3.885	4.1	153010
2018-01-05	4.2	4.2	4.1	4.17	20020
2018-01-08	4.2	4.2	3.985	4.06	22080
2018-01-09	4.1	4.2	4.08	4.195	5200
2018-01-10	4.21	4.275	4.08	4.13	17170
2018-01-11	4.3	4.3	4.05	4.1	31690
2018-01-12	4.185	4.185	4.065	4.065	8970
2018-01-15	4.065	4.2	4	4.18	11160
2018-01-16	4.175	4.175	3.88	4.04	43480
2018-01-17	4.04	4.04	3.885	3.94	19310
2018-01-18	3.95	4.2	3.82	3.94	53270
2018-01-19	3.98	3.98	3.83	3.9	248430
2018-01-22	4	4	3.87	3.89	20320
2018-01-23	3.985	3.985	3.82	3.82	37520
2018-01-24	3.89	3.89	3.62	3.8	65470
2018-01-25	3.9	3.9	3.75	3.825	106780
2018-01-26	3.845	4.29	3.825	4.29	447790
2018-01-29	4.38	4.38	4.22	4.32	68980
2018-01-30	4.26	4.315	4.1	4.26	33960
2018-01-31	4.25	4.3	4.12	4.275	12230
2018-02-01	4.2	4.23	4	4.09	25750
2018-02-02	4.05	4.09	3.92	4	11300
2018-02-05	4.19	4.25	4.1	4.15	22020
2018-02-06	3.9	4.08	3.8	3.9	40060
2018-02-07	3.83	4.145	3.83	4.1	30000
2018-02-08	4.11	4.14	4.035	4.09	5130
2018-02-09	3.995	4.04	3.93	4	10380
2018-02-12	4	4.155	3.995	4.125	9370
2018-02-13	4.155	4.47	4.145	4.44	41680
2018-02-14	3.82	4.09	3.82	3.92	100350
2018-02-15	3.95	4	3.9	3.985	15430
2018-02-16	4	4.03	3.91	4	12870
2018-02-19	4.04	4.08	4	4.005	7070
2018-02-20	4.005	4.005	3.86	3.895	20810
2018-02-21	3.895	3.93	3.86	3.865	6200
2018-02-22	3.84	3.93	3.77	3.9	11160
2018-02-23	3.9	3.9	3.775	3.875	24830
2018-02-26	3.845	3.95	3.845	3.885	2970
2018-02-27	3.945	3.945	3.77	3.83	24810
2018-02-28	3.84	3.895	3.705	3.8	45750
2018-03-01	3.875	3.875	3.83	3.87	2230
2018-03-02	3.87	3.895	3.8	3.85	14580
2018-03-05	3.9	3.9	3.815	3.9	10910
2018-03-06	3.9	3.985	3.8	3.9	48080
2018-03-07	4.01	4.43	3.87	4.125	366240
2018-03-08	4.2	4.31	3.97	3.97	121920
2018-03-09	4.02	4.5	3.95	4.5	97740
2018-03-12	4.52	4.95	4.4	4.58	222190
2018-03-13	4.89	5.31	4.89	5.22	319200
2018-03-14	5.4	5.41	5.12	5.3	135430
2018-03-15	5.4	5.52	5.12	5.44	97270
2018-03-16	5.44	5.5	5.12	5.27	34620
2018-03-19	5.27	5.27	4.88	4.97	23750
2018-03-20	4.9	4.965	4.7	4.94	43120
2018-03-21	4.93	4.93	4.6	4.79	108340
2018-03-22	4.79	4.79	4.56	4.685	34900
2018-03-23	4.615	4.65	4.2	4.55	188820
2018-03-26	4.55	5.29	4.41	5	121050
2018-03-27	5.12	5.14	4.745	4.8	52090
2018-03-28	4.9	4.9	4.51	4.645	49100
2018-03-29	4.695	4.9	4.5	4.9	149860
2018-04-03	5	5	4.7	5	15140
2018-04-04	5.02	5.06	4.745	4.82	14490
2018-04-05	5	5.1	4.9	5	30190
2018-04-06	5.1	5.1	4.8	5.1	11610
2018-04-09	5.12	5.15	4.995	5	49290
2018-04-10	4.99	4.99	4.865	4.865	7250
2018-04-11	4.98	4.99	4.795	4.99	20310
2018-04-12	4.99	4.99	4.81	4.825	5570
2018-04-13	4.8	4.96	4.8	4.96	18370
2018-04-16	4.76	4.96	4.54	4.745	26950
2018-04-17	4.8	4.825	4.58	4.82	14190
2018-04-18	4.825	5	4.77	4.845	192280
2018-04-19	4.95	4.95	4.75	4.75	4190
2018-04-20	4.7	4.81	4.7	4.81	3660
2018-04-23	4.84	4.84	4.575	4.69	25430
2018-04-24	4.67	4.79	4.5	4.63	24530
2018-04-25	4.62	4.63	4.5	4.59	15670
2018-04-26	4.65	4.65	4.5	4.6	8050
2018-04-27	4.65	4.65	4.355	4.55	23410
2018-04-30	4.49	4.52	4.25	4.48	69080
2018-05-02	4.4	4.4	4.26	4.35	14340
2018-05-04	4.28	4.39	3.995	4.03	75650
2018-05-07	4.02	4.315	4.02	4.175	16210
2018-05-08	4.25	4.295	3.935	4.08	92720
2018-05-09	4.145	4.6	4	4.6	83200
2018-05-10	4.44	4.66	4.285	4.41	57700
2018-05-11	4.57	4.85	4.21	4.805	210330
2018-05-14	4.95	5.08	4.705	4.75	346010
2018-05-15	4.79	4.8	4.32	4.655	66700
2018-05-16	4.58	4.8	4.405	4.7	56930
2018-05-17	4.78	4.79	4.52	4.59	41210
2018-05-18	4.59	4.76	4.415	4.66	32880
2018-05-21	4.7	4.7	4.515	4.68	23110
2018-05-22	4.56	4.8	4.56	4.795	42230
2018-05-23	4.85	4.85	4.71	4.79	36440
2018-05-24	4.52	4.795	4.52	4.66	22180
2018-05-25	4.72	4.72	4.53	4.53	16550
2018-05-28	4.495	4.66	4.41	4.48	34170
2018-05-29	4.4	4.735	4.38	4.625	23020
2018-05-30	4.62	4.62	4.275	4.6	66830
2018-06-01	4.65	4.65	4.315	4.33	34000
2018-06-04	4.3	4.515	4.18	4.465	49880
2018-06-05	4.465	4.66	4.42	4.65	32870
2018-06-06	4.69	4.8	4.51	4.75	22060
2018-06-07	4.745	4.89	4.65	4.82	115640
2018-06-08	4.87	4.87	4.67	4.73	23650
2018-06-11	4.69	4.69	4.375	4.41	36760
2018-06-12	4.39	4.495	4.3	4.395	25970
2018-06-13	4.4	4.4	4.255	4.3	38210
2018-06-14	4.2	4.48	4.2	4.4	26410
2018-06-15	4.415	4.495	4.25	4.49	33010
2018-06-18	4.495	4.495	4.3	4.395	16380
2018-06-19	4.395	4.46	4.3	4.4	3150
2018-06-20	4.39	4.39	4.295	4.365	11780
2018-06-21	4.35	4.35	4.27	4.32	1430
2018-06-22	4.34	4.34	4.2	4.3	8920
2018-06-25	4.34	4.34	3.8	3.99	62930
2018-06-26	4.07	4.07	3.85	3.995	35240
2018-06-27	4.085	4.085	3.99	3.995	34680
2018-06-28	4.095	4.1	3.98	4.04	24960
2018-06-29	3.97	4.135	3.97	4.1	31730
2018-07-02	4	4.01	3.9	3.905	14750
2018-07-03	3.95	4.005	3.9	4.005	9680
2018-07-04	4.005	4.005	3.925	4	26620
2018-07-05	4.01	4.09	3.955	4.03	62760
2018-07-06	4.09	4.34	4.085	4.34	34560
2018-07-09	4.34	4.6	4.26	4.59	45980
2018-07-10	4.57	4.895	4.43	4.64	92830
2018-07-11	4.695	4.695	4.43	4.59	43790
2018-07-12	4.65	4.715	4.5	4.69	9850
2018-07-13	4.65	4.65	4.455	4.55	9860
2018-07-16	4.55	4.85	4.5	4.78	60950
2018-07-17	4.88	4.88	4.5	4.6	27450
2018-07-18	4.5	4.6	4.5	4.56	6050
2018-07-19	4.56	4.595	4.4	4.555	10300
2018-07-20	4.695	4.7	4.53	4.675	24030
2018-07-23	4.6	4.71	4.5	4.695	12530
2018-07-24	4.69	4.8	4.61	4.78	55690
2018-07-25	4.8	4.84	4.62	4.715	19990
2018-07-26	4.7	4.7	4.65	4.69	4130
2018-07-27	4.77	5.6	4.71	5.56	412160
2018-07-30	5.52	6.12	5.45	5.76	233180
2018-07-31	5.88	5.93	5.34	5.6	106420
2018-08-01	5.55	5.74	5.41	5.65	75070
2018-08-02	5.55	5.88	5.22	5.22	129090
2018-08-03	5.17	5.4	5.16	5.4	28070
2018-08-06	5.36	5.39	4.905	5.02	93600
2018-08-07	5.06	5.2	4.77	4.8	82850
2018-08-08	4.805	4.95	4.56	4.85	54740
2018-08-09	4.895	4.895	4.64	4.78	29800
2018-08-10	4.78	4.895	4.7	4.87	34430
2018-08-13	4.7	4.79	4.4	4.75	84600
2018-08-14	4.7	4.75	4.5	4.55	30130
2018-08-16	4.63	5.09	4.6	5.09	61820
2018-08-17	5.14	5.3	4.97	5.18	75400
2018-08-20	5.15	5.15	4.8	5	51160
2018-08-21	5.07	5.07	4.75	4.99	15970
2018-08-22	4.99	5.19	4.81	5.18	23980
2018-08-23	5.19	5.24	5	5.18	10880
2018-08-24	5.18	5.18	4.97	5.15	5900
2018-08-27	5.15	5.18	4.85	5.15	23360
2018-08-28	5	5.14	4.83	4.9	38400
2018-08-29	5.08	5.19	4.87	5.12	16620
2018-08-30	5.12	5.12	4.93	5	9100
2018-08-31	4.905	5.07	4.715	4.96	54290
2018-09-03	4.97	4.995	4.495	4.495	51940
2018-09-04	4.49	4.625	4.205	4.35	62720
2018-09-05	4.35	4.35	3.82	4.27	169560
2018-09-06	4.24	4.24	4.04	4.12	28250
2018-09-07	4.25	4.25	3.9	4.15	55870
2018-09-10	4.15	4.15	3.98	4.12	14190
2018-09-11	4.12	4.235	4.035	4.06	21630
2018-09-12	4.19	4.195	3.985	4.05	19950
2018-09-13	4.085	4.085	3.78	3.89	139870
2018-09-14	4	4	3.555	3.645	112640
2018-09-17	3.68	3.8	3.46	3.5	76800
2018-09-18	3.46	3.46	3.155	3.25	247390
2018-09-19	3.2	3.43	3.09	3.2	189600
2018-09-20	3.33	3.65	3.325	3.64	100630
2018-09-21	3.78	3.8	3.52	3.8	45650
2018-09-24	3.825	3.825	3.7	3.76	13620
2018-09-25	3.65	3.76	3.535	3.65	21800
2018-09-26	3.7	3.7	3.6	3.62	6910
2018-09-27	3.69	3.69	3.5	3.67	8430
2018-09-28	3.62	3.665	3.51	3.66	13600
2018-10-01	3.67	3.67	3.51	3.54	22820
2018-10-02	3.44	3.59	3.4	3.5	10190
2018-10-03	3.5	3.53	3.405	3.5	14670
2018-10-04	3.5	3.57	3.41	3.57	10980
2018-10-05	3.57	3.8	3.405	3.8	53440
2018-10-08	3.825	3.88	3.53	3.625	32980
2018-10-09	3.745	3.745	3.48	3.495	26840
2018-10-10	3.47	3.55	3.39	3.495	45860
2018-10-11	3.4	3.46	3.28	3.285	48480
2018-10-12	3.215	3.35	3.215	3.3	39540
2018-10-15	3.44	3.45	3.26	3.33	34440
2018-10-16	3.325	3.44	3.3	3.43	36010
2018-10-17	3.395	3.44	3.35	3.44	47610
2018-10-18	3.44	3.47	3.3	3.3	56480
2018-10-19	3.3	3.39	3.26	3.39	49540
2018-10-22	3.3	3.47	3.17	3.47	62720
2018-10-23	3.38	3.695	3.29	3.54	123160
2018-10-24	3.6	3.695	3.505	3.6	57120
2018-10-25	3.49	3.555	3.305	3.545	13180
2018-10-26	4.1	4.55	3.84	3.85	232000
2018-10-29	4.1	4.1	3.85	3.98	124580
2018-10-30	4.035	4.035	3.8	3.89	115410
2018-10-31	3.89	3.97	3.75	3.79	86400
2018-11-02	3.7	3.8	3.68	3.8	46530
2018-11-05	3.8	3.8	3.75	3.8	29760
2018-11-06	3.8	3.8	3.77	3.795	13070
2018-11-07	3.8	3.935	3.8	3.85	99300
2018-11-08	3.94	3.94	3.7	3.81	30070
2018-11-09	3.8	3.95	3.62	3.87	41940
2018-11-13	4.11	4.25	3.8	3.87	135050
2018-11-14	3.9	3.9	3.72	3.885	17670
2018-11-15	3.91	3.91	3.77	3.8	41600
2018-11-16	3.8	3.8	3.6	3.7	51950
2018-11-19	3.74	3.74	3.58	3.705	14900
2018-11-20	3.59	3.775	3.59	3.605	35620
2018-11-21	3.585	3.695	3.41	3.65	42050
2018-11-22	3.65	3.65	3.415	3.48	108980
2018-11-23	3.55	3.55	3.48	3.54	56740
2018-11-26	3.545	3.585	3.465	3.535	46240
2018-11-27	3.5	3.54	3.445	3.54	12210
2018-11-28	3.54	3.54	3.49	3.5	233170
2018-11-29	3.51	3.785	3.5	3.71	485110
2018-11-30	3.74	3.83	3.65	3.77	237990
2018-12-03	3.8	4.39	3.8	4.36	397740
2018-12-04	4.305	4.59	4.2	4.45	178830
2018-12-05	4.4	4.565	4.205	4.55	83870
2018-12-06	4.425	4.55	4.37	4.525	48610
2018-12-07	4.53	4.895	4.525	4.895	76060
2018-12-10	4.87	4.87	4.1	4.1	195460
2018-12-11	3.9	4.095	3.68	4.095	183460
2018-12-12	4.035	4.045	3.95	4	18150
2018-12-13	4.05	4.05	3.89	4.035	15450
2018-12-14	3.865	4.035	3.8	3.89	29010
2018-12-17	3.895	3.895	3.7	3.7	23410
2018-12-18	3.64	3.8	3.52	3.655	19570
2018-12-19	3.685	3.775	3.6	3.75	21120
2018-12-20	3.745	3.745	3.635	3.7	12720
2018-12-21	3.745	3.95	3.55	3.55	149550
2018-12-27	3.655	3.72	3.515	3.67	18920
2018-12-28	3.6	3.9	3.6	3.9	20730
2019-01-02	3.89	3.94	3.74	3.895	34190
2019-01-03	3.91	3.99	3.81	3.98	9540
2019-01-04	3.98	4.2	3.98	4.17	25810
2019-01-07	4.24	4.34	4.235	4.295	27240
2019-01-08	4.33	4.38	4.26	4.295	19460
2019-01-09	4.295	4.385	4.215	4.32	18390
2019-01-10	4.37	4.37	4.195	4.21	11000
2019-01-11	4.21	4.385	4.21	4.3	22580
2019-01-14	4.29	4.29	4.105	4.22	9970
2019-01-15	4.285	4.36	4.11	4.355	10160
2019-01-16	4.385	4.39	4.1	4.28	89020
2019-01-17	4.2	4.33	4.15	4.21	8650
2019-01-18	4.3	4.37	4.25	4.295	14010
2019-01-21	4.24	4.29	4.12	4.28	37610
2019-01-22	4.175	4.235	4.175	4.2	15460
2019-01-23	4.275	4.275	4.125	4.225	17290
2019-01-24	4.265	4.53	4.14	4.3	84680
2019-01-25	4.355	4.43	4.15	4.18	75610
2019-01-28	4.3	4.455	4.25	4.4	69530
2019-01-29	4.4	4.585	4.34	4.585	49540
2019-01-30	4.45	4.755	4.45	4.695	46530
2019-01-31	4.8	4.84	4.63	4.7	43070
2019-02-01	4.65	4.84	4.65	4.72	22440
2019-02-04	4.7	5.08	4.42	4.6	146950
2019-02-05	4.585	4.76	4.5	4.755	60160
2019-02-06	4.79	4.89	4.705	4.89	29170
2019-02-07	4.885	4.885	4.7	4.845	19040
2019-02-08	4.885	4.885	4.64	4.65	38270
2019-02-11	4.65	4.75	4.48	4.6	74870
2019-02-12	4.7	4.7	4.33	4.33	85540
2019-02-13	4.495	4.6	4.28	4.31	80090
2019-02-14	4.32	4.485	4.32	4.435	33250
2019-02-15	4.43	4.445	4.07	4.35	51060
2019-02-18	4.35	4.545	4.35	4.54	15130
2019-02-19	4.56	4.68	4.5	4.675	38410
2019-02-20	4.675	4.675	4.55	4.6	15770
2019-02-21	4.695	4.76	4.58	4.745	2040
2019-02-22	4.75	4.75	4.54	4.69	6030
2019-02-25	4.685	4.75	4.54	4.65	28160
2019-02-26	4.71	4.71	4.6	4.66	1120
2019-02-27	4.66	4.66	4.505	4.635	8580
2019-02-28	4.625	4.85	4.6	4.74	21970
2019-03-01	4.78	4.78	4.605	4.72	32300
2019-03-04	4.73	4.77	4.55	4.625	15440
2019-03-05	4.76	4.845	4.65	4.795	50670
2019-03-06	4.81	4.84	4.605	4.695	25030
2019-03-07	4.785	4.88	4.66	4.84	22790
2019-03-08	4.82	5.24	4.75	5.19	144810
2019-03-11	5.2	5.45	4.905	4.935	114040
2019-03-12	5.09	5.09	4.785	4.81	67870
2019-03-13	4.9	5.16	4.9	5.16	39520
2019-03-14	5.19	5.27	4.9	5	93510
2019-03-15	5.09	5.17	5	5.15	41460
2019-03-18	5.08	5.23	5	5.05	31390
2019-03-19	5.19	5.19	4.9	4.925	82080
2019-03-20	5.04	5.1	4.66	4.7	74620
2019-03-21	4.8	4.945	4.62	4.945	55830
2019-03-22	4.985	5.13	4.76	4.98	136990
2019-03-25	4.98	5.04	4.81	5.04	16620
2019-03-26	5	5.1	4.835	5.07	28190
2019-03-27	5.08	5.24	4.99	5.24	87130
2019-03-28	5.23	5.4	5.23	5.28	144520
2019-03-29	5.4	5.45	4.55	4.55	472210
2019-04-01	4.71	4.97	4.71	4.9	68850
2019-04-02	4.97	5.1	4.65	4.65	208770
2019-04-03	4.8	4.8	4.62	4.65	45180
2019-04-04	4.7	4.79	4.6	4.65	40610
2019-04-05	4.61	4.89	4.61	4.62	75330
2019-04-08	4.75	4.8	4.66	4.795	14940
2019-04-09	4.8	4.9	4.7	4.875	27110
2019-04-10	4.94	4.94	4.8	4.88	12550
2019-04-11	4.87	4.87	4.74	4.85	21680
2019-04-12	4.86	4.9	4.605	4.605	17900
2019-04-15	4.7	4.76	4.51	4.6	77400
2019-04-16	4.6	4.685	4.51	4.6	18520
2019-04-17	4.53	4.72	4.53	4.72	13870
2019-04-18	4.715	4.72	4.555	4.7	15230
2019-04-23	4.69	4.69	4.56	4.68	3190
2019-04-24	4.6	4.7	4.55	4.7	5660
2019-04-25	4.695	4.95	4.605	4.89	85690
2019-04-26	4.89	5.3	4.885	5.19	106880
2019-04-29	5.2	5.38	5	5.19	48960
2019-04-30	5.1	5.25	5.07	5.12	31020
2019-05-02	5.25	5.25	5.11	5.22	13430
2019-05-06	5.25	5.3	5.02	5.24	40300
2019-05-07	5.2	5.2	5	5.1	29630
2019-05-08	5.1	5.15	4.93	5.14	27600
2019-05-09	5.18	5.24	5.03	5.17	37620
2019-05-10	5.18	5.18	5.05	5.16	5430
2019-05-13	5.2	5.2	5.02	5.1	14540
2019-05-14	5.02	5.1	4.895	4.98	36930
2019-05-15	4.905	5.13	4.84	4.985	20980
2019-05-16	5.05	5.05	4.88	4.98	29340
2019-05-17	5	5	4.85	4.93	19470
2019-05-20	4.9	4.95	4.66	4.78	47360
2019-05-21	4.75	4.75	4.38	4.72	72870
2019-05-22	4.72	4.75	4.605	4.63	13870
2019-05-23	4.75	4.99	4.6	4.86	36740
2019-05-24	4.72	5.19	4.7	5.1	108810
2019-05-27	5.25	5.47	5.1	5.24	239500
2019-05-28	5.3	5.4	5	5	149300
2019-05-29	4.945	4.98	4.1	4.25	583380
2019-05-30	4.1	4.1	3.62	3.93	328490
2019-05-31	3.9	3.92	3.655	3.77	132350
2019-06-03	3.69	3.7	3.315	3.33	310250
2019-06-04	3.28	3.76	3.28	3.76	220310
2019-06-05	3.92	3.95	3.72	3.8	100820
2019-06-06	3.89	3.89	3.575	3.58	127380
2019-06-07	3.92	4.22	3.89	4.09	314890
2019-06-10	5.5	5.5	4.8	5.27	1069350
2019-06-11	5.29	5.29	4.87	5	210150
2019-06-12	4.86	5	4.6	4.8	138740
2019-06-13	4.9	4.965	4.7	4.9	107750
2019-06-14	4.98	5	4.82	4.85	419770
2019-06-17	5	5	4.73	4.84	81890
2019-06-18	4.84	5.29	4.75	5.18	177210
2019-06-19	5.16	5.29	5.1	5.29	102650
2019-06-21	5.3	5.3	5.09	5.2	52860
2019-06-24	5.15	5.29	5.06	5.27	33410
2019-06-25	5.2	5.28	5.03	5.15	38330
2019-06-26	5.14	5.25	5.03	5.2	193130
2019-06-27	5.2	5.48	5.2	5.42	152710
2019-06-28	5.42	6.66	5.42	6.34	949480
2019-07-01	6.41	6.64	5.95	6.3	292890
2019-07-02	6.3	6.3	6.06	6.24	295720
2019-07-03	6.19	6.67	6.08	6.32	107850
2019-07-04	6.32	6.38	6.1	6.2	221710
2019-07-05	6.2	6.29	5.95	6	79690
2019-07-08	5.9	6.27	5.72	6.21	172990
2019-07-09	6.28	6.33	6.1	6.24	17480
2019-07-10	6.3	6.3	6.17	6.19	18780
2019-07-11	6.19	6.78	6.05	6.73	222970
2019-07-12	6.71	6.87	6.52	6.7	128650
2019-07-15	6.73	7.1	6.73	7	139460
2019-07-16	7.2	7.34	7.1	7.25	140430
2019-07-17	7.26	7.38	7.1	7.18	176920
2019-07-18	7.34	7.36	7.25	7.26	210080
2019-07-19	7.26	7.3	7.25	7.3	55560
2019-07-22	7.3	7.33	7.21	7.33	43630
2019-07-23	7.33	7.39	7.19	7.23	86790
2019-07-24	7.3	7.39	6.92	7.17	184770
2019-07-25	7.2	7.27	7.07	7.14	24320
2019-07-26	7.15	7.3	7.15	7.26	20030
2019-07-29	7.2	7.58	7.03	7.5	82070
2019-07-30	7.56	7.74	7.48	7.5	136810
2019-07-31	7.6	8.62	7.5	8.1	540210
2019-08-01	8.3	8.68	8.2	8.59	231130
2019-08-02	8.56	8.7	8.18	8.6	115680
2019-08-05	8.69	9.09	8.21	8.3	343440
2019-08-06	8.3	8.48	7.65	7.83	341550
2019-08-07	7.9	8.05	7.11	7.45	223570
2019-08-08	7.6	7.84	7.1	7.84	141630
2019-08-09	8.02	8.32	7.95	8.29	216640
2019-08-12	8.44	8.44	8.05	8.1	88280
2019-08-13	8.2	8.67	8.05	8.54	144170
2019-08-14	8.4	8.57	8.1	8.42	105450
2019-08-16	8.6	9	8.5	8.96	133800
2019-08-19	8.98	9.64	8.96	9.62	184310
2019-08-20	9.7	9.7	8.63	9.1	458490
2019-08-21	9.1	9.3	8.72	8.77	263640
2019-08-22	8.85	9.02	8.18	8.36	364560
2019-08-23	8.38	8.74	8.1	8.7	172680
2019-08-26	8.49	8.63	8.11	8.4	132780
2019-08-27	8.4	8.47	8.19	8.33	122010
2019-08-28	8.29	8.3	7.86	7.88	298630
2019-08-29	7.95	8.31	7.9	8.2	249320
2019-08-30	8.59	9.27	7.82	8	872920
2019-09-02	6.23	7	5.11	5.46	2477420
2019-09-03	5.64	5.94	5.22	5.66	868420
2019-09-04	5.68	5.93	5.5	5.85	328320
2019-09-05	5.97	6.55	5.89	6.35	547740
2019-09-06	6.59	6.59	5.68	5.68	575340
2019-09-09	5.62	5.62	5.21	5.3	453790
2019-09-10	5.3	5.49	5.05	5.21	282630
2019-09-11	5.21	5.34	4.81	5.17	408550
2019-09-12	5.28	5.44	5.11	5.4	322340
2019-09-13	5.4	6.1	5.4	6.1	469100
2019-09-16	6.28	6.6	5.84	6.5	880160
2019-09-17	6.6	6.6	6.15	6.44	135200
2019-09-18	6.48	6.48	6.18	6.29	127460
2019-09-19	6.3	6.3	6.01	6.04	74590
2019-09-20	6.04	6.2	5.99	6.18	51990
2019-09-23	6.15	6.24	5.95	6.07	54110
2019-09-24	6.05	6.07	5.93	6.03	30410
2019-09-25	5.96	6.04	5.95	6	20650
2019-09-26	6	6.15	5.94	6.09	39930
2019-09-27	6.13	6.2	6.06	6.18	49850
2019-09-30	6.18	6.18	5.99	6.09	59150
2019-10-01	6.18	6.18	5.91	6.06	125170
2019-10-02	6.07	6.07	5.92	5.96	33560
2019-10-03	5.93	5.99	5.9	5.99	37790
2019-10-04	5.96	6	5.9	6	59000
2019-10-07	6	6	5.9	5.94	23450
2019-10-08	5.98	6.18	5.93	6.06	28730
2019-10-09	6.17	6.45	6.08	6.18	38580
2019-10-10	6.24	6.24	6.08	6.14	48800
2019-10-11	6.2	6.24	6.05	6.05	57520
2019-10-14	6.05	6.2	5.98	6.1	13760
2019-10-15	6.02	6.15	5.97	6.1	61850
2019-10-16	6.06	6.17	6.06	6.13	12580
2019-10-17	6.11	6.39	6.06	6.25	59260
2019-10-18	6.21	6.34	6.1	6.2	55850
2019-10-21	6.34	6.4	6.21	6.21	58990
2019-10-22	6.19	6.25	6.1	6.2	53930
2019-10-23	6.24	6.24	6.12	6.13	13570
2019-10-24	6.21	6.28	6.09	6.11	23570
2019-10-25	6.2	6.25	6.1	6.11	35220
2019-10-28	6.12	6.25	6.11	6.19	40130
2019-10-29	6.24	6.25	6.13	6.14	19120
2019-10-30	6.18	6.18	6.11	6.14	63430
2019-10-31	6.12	6.19	6.11	6.19	37880
2019-11-04	6.01	6.2	6.01	6.07	44180
2019-11-05	6.07	6.09	5.86	6	33350
2019-11-06	6.29	6.29	6.14	6.2	130420
2019-11-07	6.15	6.2	6.04	6.08	35680
2019-11-08	6.06	6.06	5.91	5.97	61520
2019-11-12	6	6.2	6	6.18	41350
2019-11-13	6.24	6.24	6.11	6.11	5050
2019-11-14	6.23	6.24	5.97	6.12	49540
2019-11-15	6.1	6.12	5.95	6	20100
2019-11-18	6.11	6.11	5.85	6	18480
2019-11-19	6	6.09	5.62	5.9	39640
2019-11-20	6	6.09	5.98	5.98	24620
2019-11-21	6	6.02	5.8	5.94	44440
2019-11-22	5.94	6	5.88	5.99	13670
2019-11-25	6.08	6.08	5.9	6	9820
2019-11-26	6	6.06	5.9	5.96	12840
2019-11-27	6.04	6.04	5.88	5.99	8930
2019-11-28	5.9	6.04	5.9	5.99	13160
2019-11-29	6.04	6.04	6	6	9390
2019-12-02	6.04	6.06	5.95	5.96	17540
2019-12-03	6	6	5.91	6	15140
2019-12-04	6.01	6.01	5.8	5.99	34310
2019-12-05	5.98	5.98	5.81	5.83	33430
2019-12-06	5.9	5.97	5.81	5.9	13970
2019-12-09	5.96	5.99	5.85	5.86	20800
2019-12-10	5.96	5.97	5.82	5.93	13070
2019-12-11	5.97	5.97	5.9	5.92	11310
2019-12-12	5.95	6.09	5.86	6.09	69730
2019-12-13	6.09	6.28	5.91	6	28830
2019-12-16	6.01	6.01	5.85	5.95	46070
2019-12-17	5.95	5.99	5.92	5.92	13500
2019-12-18	5.87	5.97	5.86	5.9	20260
2019-12-19	5.91	5.96	5.85	5.93	29800
2019-12-20	5.99	6.3	5.93	6.11	123300
2019-12-23	6.27	6.27	5.98	6.05	53730
2019-12-27	6	6.18	5.98	6.01	26300
2019-12-30	6.15	6.19	6	6.01	22370
2020-01-02	6.01	6.18	5.91	6.14	37430
2020-01-03	6.14	6.15	6.09	6.12	13940
2020-01-07	6.17	6.17	6.05	6.06	13490
2020-01-08	6.13	6.13	5.97	5.98	29730
2020-01-09	6.08	6.2	5.96	6.17	48400
2020-01-10	6.2	6.2	6.04	6.09	29330
2020-01-13	6.2	6.2	6.04	6.19	36080
2020-01-14	6.13	7.14	6.13	7.1	245220
2020-01-15	7.12	7.66	7.12	7.4	221900
2020-01-16	7.4	7.4	6.92	7.11	75570
2020-01-17	7.07	7.4	7.05	7.36	62800
2020-01-20	7.4	7.5	6.51	7.4	199030
2020-01-21	7.4	7.55	7.4	7.45	51610
2020-01-22	7.5	7.5	7.31	7.5	25440
2020-01-23	7.5	8.8	7.46	8.69	344150
2020-01-24	8.65	8.68	8.23	8.31	128820
2020-01-27	8.3	8.43	7.91	8.06	70070
2020-01-28	8	8.48	8	8.34	82420
2020-01-29	8.48	8.49	8.32	8.32	32960
2020-01-30	8.29	9	8.1	8.4	183610
2020-01-31	8.61	8.9	8.46	8.88	76260
2020-02-03	9	9.34	8.62	9.28	228670
2020-02-04	9.2	9.29	9.02	9.28	70940
2020-02-05	9.28	9.85	9.2	9.7	231240
2020-02-06	9.4	9.67	8	8.74	334250
2020-02-07	8.83	9.19	8.75	8.8	230370
2020-02-10	8.8	8.85	8.65	8.66	80690
2020-02-11	9	9.3	8.8	8.96	96400
2020-02-12	9.18	9.27	8.92	8.95	34310
2020-02-13	9	9.01	8.68	8.7	42150
2020-02-14	8.8	8.99	8.36	8.86	72310
2020-02-17	8.8	8.86	8.3	8.52	86030
2020-02-18	8.6	8.6	8.04	8.2	99620
2020-02-19	8.1	8.29	8.05	8.25	31580
2020-02-20	8.24	8.4	8.1	8.37	29280
2020-02-21	8.4	8.4	8.22	8.3	18840
2020-02-24	8.26	8.26	7.5	7.6	155460
2020-02-25	7.7	8	7.16	7.68	139860
2020-02-26	7.68	8.2	7.2	8	135350
2020-02-27	7.97	8	7.27	7.3	102280
2020-02-28	6.74	7	5.98	6.6	368810
2020-03-02	6.8	7.45	6.58	6.88	368630
2020-03-03	7.3	7.4	6.96	7.2	101620
2020-03-04	7.2	7.3	6.88	7.11	57550
2020-03-05	7.3	7.36	6.9	6.91	34070
2020-03-06	7.08	7.08	6.54	6.9	37350
2020-03-09	6.1	6.3	5.5	6.16	373360
2020-03-10	6.21	6.47	6.05	6.09	115260
2020-03-11	6.04	6.26	5.11	5.23	287090
2020-03-12	4.52	4.96	3.62	4	671740
2020-03-13	4.25	4.89	3.71	3.9	381790
2020-03-16	3.8	4.55	3.78	4.55	203590
2020-03-17	4.55	5.4	4.55	5.36	298980
2020-03-18	5.9	6.24	5.3	5.94	608900
2020-03-19	5.8	6.3	5.61	6.02	181630
2020-03-20	6.23	6.59	6.1	6.28	260490
2020-03-23	5.76	6.6	5.62	6.35	187630
2020-03-24	6.9	7.19	6.7	6.95	118460
2020-03-25	7.21	7.7	6.81	7.44	330060
2020-03-26	7.44	7.44	7.02	7.38	58030
2020-03-27	7.43	7.43	6.66	6.8	124170
2020-03-30	6.5	6.6	5.89	6.47	105190
2020-03-31	6.42	6.6	6.06	6.24	80380
2020-04-01	6.1	7.15	6.1	6.99	193510
2020-04-02	7.18	7.25	7.03	7.2	88610
2020-04-03	7.28	7.28	6.9	7.2	102790
2020-04-06	7.3	7.3	7	7.26	77130
2020-04-07	8	8.6	7.35	7.6	544830
2020-04-08	7.76	7.79	7.37	7.74	103330
2020-04-09	8.05	8.4	7.8	8.09	331010
2020-04-14	8.49	8.56	8.2	8.49	226410
2020-04-15	8.57	8.6	8	8.04	124820
2020-04-16	8.28	8.28	8.05	8.25	73080
2020-04-17	8.4	8.4	7.81	7.9	101330
2020-04-20	8.05	8.35	8.05	8.23	152900
2020-04-21	8.22	8.3	7.53	7.98	149710
2020-04-22	7.97	8.1	7.64	8.09	127970
2020-04-23	8.16	8.19	7.9	8.06	68570
2020-04-24	8.15	8.75	8	8.6	377730
2020-04-27	8.92	9.1	8.89	8.98	257690
2020-04-28	9.04	9.39	8.9	9	226910
2020-04-29	9.1	9.48	8.8	9.38	224140
2020-04-30	9.5	9.88	9.3	9.8	271190
2020-05-04	9.9	11.4	9.7	10.8	582190
2020-05-05	10.9	11.68	10.8	11.4	294310
2020-05-06	11.7	12.5	11.6	12.4	358860
2020-05-07	12.46	13	10	12.2	462940
2020-05-08	13.06	13.9	11.02	12.42	996530
2020-05-11	12.5	13.24	12.5	13	377640
2020-05-12	13.14	13.14	12	12.6	185240
2020-05-13	12.42	12.64	12.02	12.38	93840
2020-05-14	12.38	12.4	11.26	11.66	322310
2020-05-15	11.8	12.2	11.5	11.78	73360
2020-05-18	12.1	13.2	11.9	12.84	325630
2020-05-19	13	13.1	12.2	12.6	78690
2020-05-20	12.5	12.78	12.36	12.7	94500
2020-05-21	12.68	12.8	12.44	12.78	51120
2020-05-22	12.7	12.8	12.44	12.7	70920
2020-05-25	12.68	12.72	12.46	12.56	90190
2020-05-26	12.46	12.8	12.42	12.66	117920
2020-05-27	12.6	12.76	12.5	12.58	154560
2020-05-28	12.7	13.06	12.58	12.82	157170
2020-05-29	12.9	13.66	12.7	13.66	169780
2020-06-01	13.7	14.18	13.6	13.6	107870
2020-06-02	13.7	13.9	13.58	13.66	44300
2020-06-03	13.74	15	13.74	14.78	211540
2020-06-04	14.9	15	14.6	14.8	121280
2020-06-05	14.9	15.48	14.7	15.2	263380
2020-06-08	15.02	15.64	13.64	14.92	249430
2020-06-09	14.98	15.46	14.92	15.34	42070
2020-06-10	15.5	16	15.5	15.8	69270
2020-06-12	15	15.98	15	15.98	120230
2020-06-15	16.1	16.4	15.72	16.22	58580
2020-06-16	16.3	16.58	15.72	16.08	71040
2020-06-17	16.1	16.16	15	15.66	93350
2020-06-18	15.64	15.68	15.14	15.3	53900
2020-06-19	15.28	15.3	15	15.24	133260
2020-06-22	15.3	16.1	15.3	15.96	126340
2020-06-23	16.1	16.46	16.1	16.28	92140
2020-06-24	16.4	16.4	15.6	16.1	56820
2020-06-25	16.1	16.32	15.64	16.3	92440
2020-06-26	16.46	16.8	15.7	15.8	103540
2020-06-29	16	16.42	16	16.3	167430
2020-06-30	16.48	16.8	16.32	16.6	113980
2020-07-01	16.7	16.8	16	16.7	35820
2020-07-02	16.52	18.4	16.52	17.8	156810
2020-07-03	18.04	18.3	17.1	17.7	90230
2020-07-06	18.38	19.48	18	19.36	164550
2020-07-07	19.74	20.4	19.52	20.25	160390
2020-07-08	20.25	22.7	20.1	22.7	237130
2020-07-09	22.7	23.35	21.3	21.6	129290
2020-07-10	22	22.1	19.94	21.2	173870
2020-07-13	21.5	21.8	20.4	20.9	151190
2020-07-14	20.8	20.8	19.1	19.82	299730
2020-07-15	19.8	20.6	19.8	20.15	73960
2020-07-16	20.35	20.35	19.8	19.8	56770
2020-07-17	19.8	19.8	19.38	19.5	84240
2020-07-20	19.4	20.2	18.2	20.2	124820
2020-07-21	20.25	20.25	19.8	20	67910
2020-07-22	20.35	21.95	20.3	21.75	208800
2020-07-23	21.85	22.5	20	21	261080
2020-07-24	22.55	22.55	19.5	19.8	195600
2020-07-27	20	20.2	19	19.7	154970
2020-07-28	19.44	19.98	16.7	18.7	372800
2020-07-29	19.7	19.8	18.1	19.42	178800
2020-07-30	19.42	19.98	15.8	17	245790
2020-07-31	18	19.4	17.3	18.9	94520
2020-08-03	18.9	19.5	18.8	19.1	41480
2020-08-04	19.38	19.48	18.3	18.88	35570
2020-08-05	19.5	21.3	19.2	21.3	220760
2020-08-06	21.5	21.5	20.15	21	45820
2020-08-07	20.9	21.75	19.5	21	116020
2020-08-10	21.1	21.5	20.55	20.7	22520
2020-08-11	20.7	22.1	20.7	20.7	89720
2020-08-12	20.7	21.3	19.1	20.4	70970
2020-08-13	20.7	20.7	19.8	19.96	62810
2020-08-14	20.65	21.6	20.4	21.05	59940
2020-08-17	21	21.5	20.45	20.8	67690
2020-08-18	21.4	21.5	20.4	20.7	48660
2020-08-19	20.35	20.6	19.5	20	37470
2020-08-20	19.8	20	19.3	19.5	31570
2020-08-21	19.54	20.15	19.5	19.52	35290
2020-08-24	19.64	20.15	19.64	20	34760
2020-08-25	20	20	19.66	19.8	21780
2020-08-26	20	20.2	19.54	19.8	33010
2020-08-27	20.1	20.25	19.7	19.9	26230
2020-08-28	19.84	19.98	19.6	19.8	18200
2020-08-31	19.62	19.8	19.2	19.2	25610
2020-09-01	19.4	19.4	17.26	18.1	135330
2020-09-02	18.3	19.2	17.8	19.2	58490
2020-09-03	18.82	19.38	18.6	18.6	43470
2020-09-04	18.5	18.96	17.9	18.3	53900
2020-09-07	18.14	18.86	18.14	18.5	35360
2020-09-08	18.24	18.58	17.1	17.98	155660
2020-09-09	17.34	18.5	17.32	18.38	44590
2020-09-10	18.5	19	18	18.74	88780
2020-09-11	18.78	18.78	18.16	18.74	22390
2020-09-14	18.8	18.9	18.4	18.9	27920
2020-09-15	18.9	18.9	17.42	17.72	42790
2020-09-16	17.82	18.2	17.5	17.96	55750
2020-09-17	18.1	18.7	17.12	17.6	84230
2020-09-18	18	18.28	17.9	18.16	31240
2020-09-21	18.16	18.28	17.3	17.5	83080
2020-09-22	17.4	18.38	16.5	17.46	50950
2020-09-23	17.68	17.68	16.32	17.3	86850
2020-09-24	17	17.48	16.84	17.2	33220
2020-09-25	17.5	18.6	16.88	18.56	82190
2020-09-28	18.8	18.88	17.88	18.56	36770
2020-09-29	18.4	18.4	17.72	17.9	55110
2020-09-30	17.98	18.5	17.3	17.5	38880
2020-10-01	18.2	18.2	17.32	17.98	11760
2020-10-02	17.98	17.98	17	17.46	19680
2020-10-05	17	17.44	16.6	17.38	41780
2020-10-06	17.2	18.2	17.2	17.9	23810
2020-10-07	17.9	18	17.52	18	42720
2020-10-08	17.9	18	17.5	17.66	59090
2020-10-09	17.7	17.88	16.72	16.72	94410
2020-10-12	16.7	17.1	16	16.8	45150
2020-10-13	17	17.2	16.6	16.9	47830
2020-10-14	17.1	17.46	17	17.3	76730
2020-10-15	17.4	17.4	16	16.6	68660
2020-10-16	16.7	17	16.24	16.7	44510
2020-10-19	16.8	16.86	16.1	16.78	39010
2020-10-20	16.8	16.8	15.32	16	122290
2020-10-21	15.98	15.98	15.2	15.4	114570
2020-10-22	15.1	15.36	13.9	14.1	235190
2020-10-23	14.04	16.5	13.88	16.1	145500
2020-10-26	16.4	16.4	15.5	15.7	62770
2020-10-27	15.7	17	15.5	16.9	51080
2020-10-28	16.98	16.98	13.4	14.9	161730
2020-10-29	15.58	15.58	13.28	15.26	64820
2020-10-30	14.4	14.84	13.8	14	50910
2020-11-02	14	15	13.9	14.6	41330
2020-11-03	14.8	16	14.66	15.4	59570
2020-11-04	15.4	15.9	15.36	15.66	42060
2020-11-05	15.7	16.22	15.5	15.9	41640
2020-11-06	15.7	15.7	14.3	14.4	186040
2020-11-09	14.3	15.22	13.94	14.12	250270
2020-11-10	14.5	15.28	14.26	14.9	60130
2020-11-12	14.5	14.8	13.7	14.74	68450
2020-11-13	14.8	15.5	14.6	15.1	52030
2020-11-16	15	15.5	14.7	15.28	49170
2020-11-17	15.22	15.3	14.22	14.92	44440
2020-11-18	14.92	15	14.62	14.98	21600
2020-11-19	15.2	15.2	14.7	14.98	17840
2020-11-20	15.02	15.5	14.7	15.32	33980
2020-11-23	15.4	17.26	15.1	17.2	144720
2020-11-24	17.5	18	17	17.8	102010
2020-11-25	18.1	18.6	18	18.4	71520
2020-11-26	18.2	18.42	17.4	17.98	37220
2020-11-27	18.1	18.42	17.5	18.36	38110
2020-11-30	18.46	18.5	17.36	17.78	86120
2020-12-01	18.2	18.2	17.5	17.6	69910
2020-12-02	17.52	18.2	17	17.9	36110
2020-12-03	17.98	18.8	17.82	18.74	52040
2020-12-04	18.8	19.3	18.7	19.2	61840
2020-12-07	19.2	19.46	18.5	19	85930
2020-12-08	18.98	19.6	18.6	19.6	62050
2020-12-09	19.88	20	19.2	19.2	53180
2020-12-10	19.3	19.64	18.7	19.18	86570
2020-12-11	19	19.2	17.6	18.68	121350
2020-12-14	18.6	18.68	17.3	17.8	59540
2020-12-15	17.9	18.78	17.8	18.62	34920
2020-12-16	19	19.18	18.3	18.88	40430
2020-12-17	18.88	19.44	18.62	19.4	109780
2020-12-18	19.5	20.65	19.5	19.9	154610
2020-12-21	19.98	19.98	19.5	19.84	53080
2020-12-22	19.98	20.1	19.7	20	35230
2020-12-23	20	20	19.6	19.76	24290
2020-12-28	19.74	19.8	18.5	19.06	67530
2020-12-29	19	19.76	19	19.48	22680
2020-12-30	19.4	19.46	18.6	18.8	66230
2021-01-04	19.1	20.9	19	20.9	92830
2021-01-05	21.05	21.5	19.7	20.4	132290
2021-01-07	20.6	20.7	19.92	20.2	97250
2021-01-08	20	20.45	19.9	20.2	92450
2021-01-11	20.45	20.45	19.9	20.25	63990
2021-01-12	20.3	20.3	20.1	20.3	50600
2021-01-13	20.3	20.4	20.05	20.4	69280
2021-01-14	20.45	21.45	20.35	21.45	93890
2021-01-15	21.55	22.3	21.05	21.8	112180
2021-01-18	21.6	22.4	21.4	21.65	109380
2021-01-19	21.8	22	17.7	21	213020
2021-01-20	21	21.5	19.22	19.62	229730
2021-01-21	18.66	20.5	18.62	20.2	118670
2021-01-22	20.5	21.6	20.3	21.4	151960
2021-01-25	21.5	21.5	21	21.3	139950
2021-01-26	21.3	21.5	19.92	20.5	220300
2021-01-27	20.45	21	18.5	18.58	416740
2021-01-28	19.04	20.35	18.22	19.7	328450
2021-01-29	18.6	18.66	17.5	18.4	233670
2021-02-01	21.55	21.6	19.24	19.4	368220
2021-02-02	19.8	20	19.1	19.4	38510
2021-02-03	19.8	19.8	18.78	19.02	74480
2021-02-04	19.22	19.22	18.5	18.7	23780
2021-02-05	18.8	19.38	18.64	19.34	17110
2021-02-08	19.38	19.38	18.6	19.26	129890
2021-02-09	19	19.8	19	19.38	39210
2021-02-10	19.44	19.5	19.2	19.3	29520
2021-02-11	19.5	19.5	19	19.3	26420
2021-02-12	19.3	20	19.22	19.84	128060
2021-02-15	19.84	20.3	19.5	19.8	74990
2021-02-16	19.3	20.15	19.04	19.5	51340
2021-02-17	19.3	19.48	19	19.3	21680
2021-02-18	19.08	19.2	18.72	19.08	42500
2021-02-19	19.2	20	19.2	19.78	37260
2021-02-22	19.8	19.8	19	19.8	23200
2021-02-23	19.8	19.8	18.9	18.92	54990
2021-02-24	19.1	19.28	18.8	19.26	24380
2021-02-25	19	19.36	18.8	18.82	20080
2021-02-26	18.78	18.98	18.6	18.84	23720
2021-03-01	19.14	19.8	18.6	19.3	21950
2021-03-02	19.22	19.22	18.74	19.08	13570
2021-03-03	18.82	19.08	18.7	18.96	28010
2021-03-04	18.96	19.08	18.8	19.08	17410
2021-03-05	18.84	19.08	18.8	19.02	9670
2021-03-08	18.94	19.2	18.82	18.86	29520
2021-03-09	19	19	18.7	18.9	10980
2021-03-10	19	19	18.5	18.84	22840
2021-03-11	18.92	18.92	18.14	18.88	15450
2021-03-12	18.9	19.16	18.6	19.08	18890
2021-03-15	19.36	19.86	19	19.74	53850
2021-03-16	19.74	19.8	19	19.6	12780
2021-03-17	19.5	19.74	19.18	19.34	22490
2021-03-18	19.76	20.95	19.12	20.2	78336
2021-03-19	20.35	20.35	19.34	19.92	18318
2021-03-22	19.9	19.9	18.98	19.36	28571
2021-03-23	19	19.16	18.5	18.9	23262
2021-03-24	18.84	18.84	18.12	18.3	18180
2021-03-25	18.28	18.3	17.58	18.26	25733
2021-03-26	18.5	18.96	18.26	18.9	14559
2021-03-29	19	19.22	17.8	18.16	38915
2021-03-30	18.16	18.18	17.3	17.66	40620
2021-03-31	17.66	17.7	16.8	17.68	53402
2021-04-01	17.68	17.68	17.04	17.06	31071
2021-04-06	17	17.04	16.5	17.04	40496
2021-04-07	17.1	17.76	17.1	17.7	32680
2021-04-08	17.62	18.76	17.56	18.5	36020
2021-04-09	18.66	18.66	18.06	18.4	11620
2021-04-12	18.4	18.4	17.46	18.28	20873
2021-04-13	18	18.28	17.92	18.18	16432
2021-04-14	18.36	18.36	17.7	17.96	11359
2021-04-15	17.96	18	17.44	18	9877
2021-04-16	18	18	16.76	17.3	21541
2021-04-19	17.4	17.8	17.32	17.32	14312
2021-04-20	17.54	17.54	16.98	17.34	6148
2021-04-21	17.02	17.4	16.04	17.38	19674
2021-04-22	17.26	17.4	16.9	17.2	8392
2021-04-23	17.36	17.36	16.6	17.3	28494
2021-04-26	17	17.28	16.84	17.16	29798
2021-04-27	17.16	17.3	16.92	17.14	40512
2021-04-28	17.14	18.5	17.14	18.3	112401
2021-04-29	18.3	18.48	17.5	18	17500
2021-04-30	18.1	18.9	18	18.9	30508
2021-05-04	18.98	18.98	17.4	17.4	38628
2021-05-05	17.52	18.18	17.42	17.5	24987
2021-05-06	17.6	18.3	17.5	18	14819
2021-05-07	18.18	18.18	17.52	18	39689
2021-05-10	18	18.1	17.6	17.9	9340
2021-05-11	17.8	17.9	17.52	17.8	8660
2021-05-12	17.8	17.8	17.4	17.66	19335
2021-05-13	17.66	17.8	17	17.52	19290
2021-05-14	17.7	18.5	17.3	18	28977
2021-05-17	17.8	17.8	16.76	17.2	49859
2021-05-18	17.5	17.6	17	17.54	105851
2021-05-19	17.5	17.7	17.2	17.5	29785
2021-05-20	17.7	17.8	17.14	17.6	17138
2021-05-21	17.54	17.58	17.3	17.58	7331
2021-05-24	17.6	17.6	17.08	17.32	22072
2021-05-25	17.46	17.48	17	17.2	19696
2021-05-26	17.02	17.7	17.02	17.68	14996
2021-05-27	17.7	17.7	17.4	17.6	9112
2021-05-28	17.58	18	17.4	17.98	16113
2021-05-31	17.5	19	17.5	18.58	52717
2021-06-01	18.1	18.58	18	18.02	10650
2021-06-02	18	18.18	17.5	18	16232
2021-06-04	18.2	18.2	17.7	18.14	10496
2021-06-07	17.74	18.96	17.7	18.58	52143
2021-06-08	18.58	18.94	18.32	18.7	13097
2021-06-09	18.64	19.38	18.32	18.9	26092
2021-06-10	18.9	19.68	18.9	19.68	44467
2021-06-11	19.8	20.7	19.68	20.6	80563
2021-06-14	20.1	20.45	19.56	20	34675
2021-06-15	20	20.4	19.74	20.2	24514
2021-06-16	20.25	20.5	19.7	20.5	23305
2021-06-17	20.4	20.7	20	20.3	21242
2021-06-18	20.3	20.4	20	20.2	8959
2021-06-21	20.4	20.7	20.05	20.5	20689
2021-06-22	20.5	20.9	20.4	20.75	24204
2021-06-23	20.7	21	20.5	20.95	57936
2021-06-24	21	21	16.82	19.1	60384
2021-06-25	18.72	19.3	17.7	19.2	79231
2021-06-28	19.2	19.6	18.12	19.34	11395
2021-06-29	19.58	19.58	18	19.1	29556
2021-06-30	19.5	19.88	18.72	19.38	75817
2021-07-01	19.38	19.38	18	18.6	29906
2021-07-02	18.6	19.14	18.5	19	15190
2021-07-05	19.1	19.2	18.68	18.68	6162
2021-07-06	18.8	18.8	18	18.42	14987
2021-07-07	18.36	18.36	17.84	18	12417
2021-07-08	18	18	17.6	17.9	20669
2021-07-09	17.96	18.3	17.5	17.98	11566
2021-07-12	17.96	17.96	17.3	17.7	9137
2021-07-13	17.7	17.7	17.12	17.3	24304
2021-07-14	17.22	17.88	17	17.88	21050
2021-07-15	17.44	17.86	17.38	17.84	8103
2021-07-16	17.98	17.98	17.5	17.9	3714
2021-07-19	17.9	18.46	17.12	17.12	9688
2021-07-20	17.14	17.98	17.14	17.86	5626
2021-07-21	17.8	18.38	17.5	18.36	14455
2021-07-22	18.34	18.5	18	18.48	9314
2021-07-23	18.18	18.38	18	18.34	4673
2021-07-26	18.3	18.3	17.74	18.1	2111
2021-07-27	18.1	18.14	17.8	18.14	5624
2021-07-28	18.12	18.28	17.62	17.8	8303
2021-07-29	17.8	18	17.5	17.7	7114
2021-07-30	17.68	17.78	17.34	17.4	12536
2021-08-02	17.66	17.66	17.2	17.46	12121
2021-08-03	17.44	17.46	17	17.18	13850
2021-08-04	17.2	17.3	16.8	16.8	28803
2021-08-05	16.8	16.8	16	16.3	28264
2021-08-06	16.08	16.28	15.56	16	25566
2021-08-09	15.74	16.1	15.7	15.8	37319
2021-08-10	16.2	16.44	15.66	16.24	17091
2021-08-11	16.3	16.7	15.92	16.7	9224
2021-08-12	16.74	17.28	16.44	17.2	6010
2021-08-13	17.2	17.28	17.06	17.2	4198
2021-08-16	17.9	18.12	17.36	17.92	21853
2021-08-17	18.14	18.48	17.8	18	19668
2021-08-18	18	18	17.14	17.7	4278
2021-08-19	17.38	17.86	17	17.42	9322
2021-08-20	17.44	17.58	17.04	17.5	2819
2021-08-23	17.42	17.42	17.06	17.38	6248
2021-08-24	17.48	17.5	16.9	17.38	5290
2021-08-25	17.48	17.5	17.02	17.12	6108
2021-08-26	17.3	17.44	17.14	17.38	2993
2021-08-27	17.4	17.42	17.14	17.4	1837
2021-08-30	17.4	18	17.16	17.38	26139
2021-08-31	17.7	18.24	17.6	17.8	19579
2021-09-01	17.76	18.3	17.5	18.28	7030
2021-09-02	18.5	18.6	18.28	18.46	8728
2021-09-03	18.5	18.6	18.44	18.44	7724
2021-09-06	18.3	18.5	18.14	18.2	5711
2021-09-07	18.16	18.4	18.02	18.28	6965
2021-09-08	18.02	18.6	18.02	18.2	10635
2021-09-09	18.5	18.6	18	18.18	15386
2021-09-10	17.98	18.5	17.9	18.44	6092
2021-09-13	18.48	18.48	18.02	18.4	8073
2021-09-14	18.14	19.4	18.14	19	30002
2021-09-15	19	19.46	19	19.3	39147
2021-09-16	19.36	19.4	18.6	19.38	11257
2021-09-17	19.38	19.58	19.06	19.42	31816
2021-09-20	19.9	20.2	18.02	19.56	46431
2021-09-21	19.5	19.96	19	19.46	8862
2021-09-22	19.96	19.96	19.14	19.96	18140
2021-09-23	20	21.5	20	20.4	158034
2021-09-24	20.3	20.4	19.58	20.4	22398
2021-09-27	20.4	21.45	19.6	20.9	39325
2021-09-28	20.9	21	20	20	16279
2021-09-29	20.35	20.8	19.04	19.3	51907
2021-09-30	20.5	20.9	19.7	20.1	104230
2021-10-01	20.25	20.25	19.54	20.25	33746
2021-10-04	20.4	20.45	19.5	19.9	17245
2021-10-05	19.8	20.15	19.52	20.1	11608
2021-10-06	20.1	20.95	19.5	20.85	59746
2021-10-07	20.85	21.45	20.5	21.25	58172
2021-10-08	21.25	24	20.85	23.7	623475
2021-10-11	23.9	24.35	22.3	22.95	178482
2021-10-12	22.95	22.95	20.55	20.95	140617
2021-10-13	21.25	21.75	20.2	20.4	82443
2021-10-14	20.5	21.6	20.25	21.1	33147
2021-10-15	21.1	21.4	20.5	21.05	10752
2021-10-18	21	21	19.66	20	108665
2021-10-19	19.98	20.45	19.5	20.15	21900
2021-10-20	20.2	20.45	19.58	20.1	21045
2021-10-21	19.98	19.98	19	19.48	27196
2021-10-22	19.5	19.56	19	19.32	18908
2021-10-25	19.44	19.5	18.12	18.3	143910
2021-10-26	18.32	19.5	18.16	19.06	49756
2021-10-27	18.72	19.16	18.36	18.62	12054
